Ajinkya Rahane,Aaron Finch
Ajinkya Rahane,Suresh Raina
Ajinkya Rahane,Pravin Tambe
Ajinkya Rahane,Suryakumar Yadav
Ajinkya Rahane,Murali Vijay
Ajinkya Rahane,Lendl Simmons
Ajinkya Rahane,Shikhar Dhawan
Ajinkya Rahane,Kane Williamson
Ajinkya Rahane,Ashish Reddy
Kevin Pietersen,Aaron Finch
Kevin Pietersen,Suresh Raina
Kevin Pietersen,Praveen Kumar
Kevin Pietersen,Pravin Tambe
Kevin Pietersen,Chris Gayle
Kevin Pietersen,Virat Kohli
Kevin Pietersen,Stuart Binny
Kevin Pietersen,Varun Aaron
Kevin Pietersen,Sreenath Aravind
Kevin Pietersen,Adam Milne
Kevin Pietersen,Yusuf Pathan
Kevin Pietersen,Suryakumar Yadav
Kevin Pietersen,Andre Russell
Kevin Pietersen,Jason Holder
Kevin Pietersen,Umesh Yadav
Kevin Pietersen,Morne Morkel
Kevin Pietersen,Murali Vijay
Kevin Pietersen,Glenn Maxwell
Kevin Pietersen,Pawan Negi
Kevin Pietersen,Chris Morris
Kevin Pietersen,Nathan Coulter-Nile
Kevin Pietersen,Imran Tahir
Kevin Pietersen,Lendl Simmons
Kevin Pietersen,Hardik Pandya
Kevin Pietersen,Krunal Pandya
Kevin Pietersen,Tim Southee
Kevin Pietersen,Shikhar Dhawan
Kevin Pietersen,Kane Williamson
Kevin Pietersen,Ashish Reddy
Kevin Pietersen,Trent Boult
Faf du Plessis,Aaron Finch
Faf du Plessis,Suresh Raina
Faf du Plessis,Dhawal Kulkarni
Faf du Plessis,Pravin Tambe
Faf du Plessis,Chris Gayle
Faf du Plessis,Shane Watson
Faf du Plessis,Varun Aaron
Faf du Plessis,Adam Milne
Faf du Plessis,Suryakumar Yadav
Faf du Plessis,Jason Holder
Faf du Plessis,Pawan Negi
Faf du Plessis,Nathan Coulter-Nile
Faf du Plessis,Lendl Simmons
Faf du Plessis,Krunal Pandya
Faf du Plessis,Tim Southee
Faf du Plessis,Shikhar Dhawan
Faf du Plessis,Kane Williamson
Faf du Plessis,Ashish Reddy
Steven Smith,Aaron Finch
Steven Smith,Pravin Tambe
Steven Smith,Chris Gayle
Steven Smith,Adam Milne
Steven Smith,Yusuf Pathan
Steven Smith,Suryakumar Yadav
Steven Smith,Jason Holder
Steven Smith,Murali Vijay
Steven Smith,Rishi Dhawan
Steven Smith,Jean-Paul Duminy
Steven Smith,Imran Tahir
Steven Smith,Lendl Simmons
Steven Smith,Rohit Sharma
Steven Smith,Shikhar Dhawan
Steven Smith,Kane Williamson
Steven Smith,Ashish Reddy
MS Dhoni,Aaron Finch
MS Dhoni,Suresh Raina
MS Dhoni,Pravin Tambe
MS Dhoni,Suryakumar Yadav
MS Dhoni,Jason Holder
MS Dhoni,Murali Vijay
MS Dhoni,Glenn Maxwell
MS Dhoni,Lendl Simmons
MS Dhoni,Shikhar Dhawan
MS Dhoni,Kane Williamson
MS Dhoni,Ashish Reddy
Mitchell Marsh,Aaron Finch
Mitchell Marsh,Dhawal Kulkarni
Mitchell Marsh,Pravin Tambe
Mitchell Marsh,Chris Gayle
Mitchell Marsh,Virat Kohli
Mitchell Marsh,Stuart Binny
Mitchell Marsh,Varun Aaron
Mitchell Marsh,Yuzvendra Chahal
Mitchell Marsh,Sreenath Aravind
Mitchell Marsh,Adam Milne
Mitchell Marsh,Shakib Al Hasan
Mitchell Marsh,Yusuf Pathan
Mitchell Marsh,Suryakumar Yadav
Mitchell Marsh,Andre Russell
Mitchell Marsh,Jason Holder
Mitchell Marsh,Umesh Yadav
Mitchell Marsh,Morne Morkel
Mitchell Marsh,Murali Vijay
Mitchell Marsh,Glenn Maxwell
Mitchell Marsh,Axar Patel
Mitchell Marsh,Mohit Sharma
Mitchell Marsh,Sandeep Sharma
Mitchell Marsh,Pawan Negi
Mitchell Marsh,Zaheer Khan
Mitchell Marsh,Nathan Coulter-Nile
Mitchell Marsh,Imran Tahir
Mitchell Marsh,Lendl Simmons
Mitchell Marsh,Rohit Sharma
Mitchell Marsh,Hardik Pandya
Mitchell Marsh,Krunal Pandya
Mitchell Marsh,Jasprit Bumrah
Mitchell Marsh,Shikhar Dhawan
Mitchell Marsh,Kane Williamson
Mitchell Marsh,Ashish Reddy
Mitchell Marsh,Moises Henriques
Mitchell Marsh,Trent Boult
Mitchell Marsh,Bhuvneshwar Kumar
Irfan Pathan,Aaron Finch
Irfan Pathan,Pravin Tambe
Irfan Pathan,Virat Kohli
Irfan Pathan,Stuart Binny
Irfan Pathan,Varun Aaron
Irfan Pathan,Yuzvendra Chahal
Irfan Pathan,Adam Milne
Irfan Pathan,Suryakumar Yadav
Irfan Pathan,Andre Russell
Irfan Pathan,Jason Holder
Irfan Pathan,Morne Morkel
Irfan Pathan,Murali Vijay
Irfan Pathan,Mitchell Johnson
Irfan Pathan,Pawan Negi
Irfan Pathan,Chris Morris
Irfan Pathan,Nathan Coulter-Nile
Irfan Pathan,Imran Tahir
Irfan Pathan,Lendl Simmons
Irfan Pathan,Hardik Pandya
Irfan Pathan,Tim Southee
Irfan Pathan,Jasprit Bumrah
Irfan Pathan,Shikhar Dhawan
Irfan Pathan,Kane Williamson
Irfan Pathan,Ashish Reddy
Irfan Pathan,Trent Boult
Ravichandran Ashwin,Aaron Finch
Ravichandran Ashwin,Suresh Raina
Ravichandran Ashwin,Dwayne Bravo
Ravichandran Ashwin,Ravindra Jadeja
Ravichandran Ashwin,Pravin Tambe
Ravichandran Ashwin,Chris Gayle
Ravichandran Ashwin,Virat Kohli
Ravichandran Ashwin,Stuart Binny
Ravichandran Ashwin,Varun Aaron
Ravichandran Ashwin,Yuzvendra Chahal
Ravichandran Ashwin,Adam Milne
Ravichandran Ashwin,Shakib Al Hasan
Ravichandran Ashwin,Yusuf Pathan
Ravichandran Ashwin,Suryakumar Yadav
Ravichandran Ashwin,Andre Russell
Ravichandran Ashwin,Jason Holder
Ravichandran Ashwin,Murali Vijay
Ravichandran Ashwin,Glenn Maxwell
Ravichandran Ashwin,Jean-Paul Duminy
Ravichandran Ashwin,Pawan Negi
Ravichandran Ashwin,Chris Morris
Ravichandran Ashwin,Zaheer Khan
Ravichandran Ashwin,Lendl Simmons
Ravichandran Ashwin,Hardik Pandya
Ravichandran Ashwin,Krunal Pandya
Ravichandran Ashwin,Jasprit Bumrah
Ravichandran Ashwin,Shikhar Dhawan
Ravichandran Ashwin,Kane Williamson
Ravichandran Ashwin,Ashish Reddy
Ravichandran Ashwin,Trent Boult
Ravichandran Ashwin,Karn Sharma
Ravichandran Ashwin,Ashish Nehra
Ishant Sharma,Aaron Finch
Ishant Sharma,James Faulkner
Ishant Sharma,Ravindra Jadeja
Ishant Sharma,Praveen Kumar
Ishant Sharma,Dhawal Kulkarni
Ishant Sharma,Pravin Tambe
Ishant Sharma,Chris Gayle
Ishant Sharma,Shane Watson
Ishant Sharma,Virat Kohli
Ishant Sharma,Stuart Binny
Ishant Sharma,Varun Aaron
Ishant Sharma,Yuzvendra Chahal
Ishant Sharma,Sreenath Aravind
Ishant Sharma,Adam Milne
Ishant Sharma,Shakib Al Hasan
Ishant Sharma,Yusuf Pathan
Ishant Sharma,Suryakumar Yadav
Ishant Sharma,Andre Russell
Ishant Sharma,Jason Holder
Ishant Sharma,Piyush Chawla
Ishant Sharma,Umesh Yadav
Ishant Sharma,Morne Morkel
Ishant Sharma,Murali Vijay
Ishant Sharma,Glenn Maxwell
Ishant Sharma,Axar Patel
Ishant Sharma,Rishi Dhawan
Ishant Sharma,Mitchell Johnson
Ishant Sharma,Mohit Sharma
Ishant Sharma,Sandeep Sharma
Ishant Sharma,Jean-Paul Duminy
Ishant Sharma,Pawan Negi
Ishant Sharma,Chris Morris
Ishant Sharma,Amit Mishra
Ishant Sharma,Nathan Coulter-Nile
Ishant Sharma,Imran Tahir
Ishant Sharma,Lendl Simmons
Ishant Sharma,Rohit Sharma
Ishant Sharma,Kieron Pollard
Ishant Sharma,Hardik Pandya
Ishant Sharma,Krunal Pandya
Ishant Sharma,Tim Southee
Ishant Sharma,Jasprit Bumrah
Ishant Sharma,Lasith Malinga
Ishant Sharma,Shikhar Dhawan
Ishant Sharma,Kane Williamson
Ishant Sharma,Yuvraj Singh
Ishant Sharma,Ashish Reddy
Ishant Sharma,Moises Henriques
Ishant Sharma,Trent Boult
Ishant Sharma,Karn Sharma
Murugan Ashwin,Aaron Finch
Murugan Ashwin,Suresh Raina
Murugan Ashwin,Dwayne Bravo
Murugan Ashwin,James Faulkner
Murugan Ashwin,Ravindra Jadeja
Murugan Ashwin,Praveen Kumar
Murugan Ashwin,Dhawal Kulkarni
Murugan Ashwin,Pravin Tambe
Murugan Ashwin,Chris Gayle
Murugan Ashwin,Shane Watson
Murugan Ashwin,Virat Kohli
Murugan Ashwin,Stuart Binny
Murugan Ashwin,Varun Aaron
Murugan Ashwin,Yuzvendra Chahal
Murugan Ashwin,Sreenath Aravind
Murugan Ashwin,Adam Milne
Murugan Ashwin,Shakib Al Hasan
Murugan Ashwin,Yusuf Pathan
Murugan Ashwin,Suryakumar Yadav
Murugan Ashwin,Andre Russell
Murugan Ashwin,Jason Holder
Murugan Ashwin,Piyush Chawla
Murugan Ashwin,Umesh Yadav
Murugan Ashwin,Morne Morkel
Murugan Ashwin,Murali Vijay
Murugan Ashwin,Glenn Maxwell
Murugan Ashwin,Axar Patel
Murugan Ashwin,Rishi Dhawan
Murugan Ashwin,Mitchell Johnson
Murugan Ashwin,Mohit Sharma
Murugan Ashwin,Sandeep Sharma
Murugan Ashwin,Jean-Paul Duminy
Murugan Ashwin,Pawan Negi
Murugan Ashwin,Chris Morris
Murugan Ashwin,Zaheer Khan
Murugan Ashwin,Amit Mishra
Murugan Ashwin,Nathan Coulter-Nile
Murugan Ashwin,Imran Tahir
Murugan Ashwin,Lendl Simmons
Murugan Ashwin,Rohit Sharma
Murugan Ashwin,Kieron Pollard
Murugan Ashwin,Hardik Pandya
Murugan Ashwin,Harbhajan Singh
Murugan Ashwin,Krunal Pandya
Murugan Ashwin,Tim Southee
Murugan Ashwin,Jasprit Bumrah
Murugan Ashwin,Lasith Malinga
Murugan Ashwin,Shikhar Dhawan
Murugan Ashwin,Kane Williamson
Murugan Ashwin,Yuvraj Singh
Murugan Ashwin,Ashish Reddy
Murugan Ashwin,Moises Henriques
Murugan Ashwin,Trent Boult
Murugan Ashwin,Bhuvneshwar Kumar
Murugan Ashwin,Karn Sharma
Murugan Ashwin,Ashish Nehra
Ishwar Pandey,Aaron Finch
Ishwar Pandey,Suresh Raina
Ishwar Pandey,Dwayne Bravo
Ishwar Pandey,James Faulkner
Ishwar Pandey,Ravindra Jadeja
Ishwar Pandey,Praveen Kumar
Ishwar Pandey,Dhawal Kulkarni
Ishwar Pandey,Pravin Tambe
Ishwar Pandey,Shane Watson
Ishwar Pandey,Virat Kohli
Ishwar Pandey,Stuart Binny
Ishwar Pandey,Varun Aaron
Ishwar Pandey,Yuzvendra Chahal
Ishwar Pandey,Sreenath Aravind
Ishwar Pandey,Adam Milne
Ishwar Pandey,Shakib Al Hasan
Ishwar Pandey,Yusuf Pathan
Ishwar Pandey,Suryakumar Yadav
Ishwar Pandey,Andre Russell
Ishwar Pandey,Jason Holder
Ishwar Pandey,Piyush Chawla
Ishwar Pandey,Umesh Yadav
Ishwar Pandey,Morne Morkel
Ishwar Pandey,Murali Vijay
Ishwar Pandey,Glenn Maxwell
Ishwar Pandey,Axar Patel
Ishwar Pandey,Rishi Dhawan
Ishwar Pandey,Mitchell Johnson
Ishwar Pandey,Mohit Sharma
Ishwar Pandey,Sandeep Sharma
Ishwar Pandey,Jean-Paul Duminy
Ishwar Pandey,Pawan Negi
Ishwar Pandey,Chris Morris
Ishwar Pandey,Zaheer Khan
Ishwar Pandey,Amit Mishra
Ishwar Pandey,Nathan Coulter-Nile
Ishwar Pandey,Imran Tahir
Ishwar Pandey,Lendl Simmons
Ishwar Pandey,Rohit Sharma
Ishwar Pandey,Kieron Pollard
Ishwar Pandey,Hardik Pandya
Ishwar Pandey,Harbhajan Singh
Ishwar Pandey,Krunal Pandya
Ishwar Pandey,Tim Southee
Ishwar Pandey,Jasprit Bumrah
Ishwar Pandey,Lasith Malinga
Ishwar Pandey,Shikhar Dhawan
Ishwar Pandey,Kane Williamson
Ishwar Pandey,Yuvraj Singh
Ishwar Pandey,Ashish Reddy
Ishwar Pandey,Moises Henriques
Ishwar Pandey,Trent Boult
Ishwar Pandey,Bhuvneshwar Kumar
Ishwar Pandey,Karn Sharma
Ishwar Pandey,Ashish Nehra
Aaron Finch,Ajinkya Rahane
Aaron Finch,Kevin Pietersen
Aaron Finch,Faf du Plessis
Aaron Finch,Steven Smith
Aaron Finch,Suryakumar Yadav
Aaron Finch,Andre Russell
Aaron Finch,Murali Vijay
Aaron Finch,Glenn Maxwell
Aaron Finch,Rishi Dhawan
Aaron Finch,Lendl Simmons
Aaron Finch,Shikhar Dhawan
Aaron Finch,Kane Williamson
Aaron Finch,Ashish Reddy
Aaron Finch,Karn Sharma
Brendon McCullum,Ajinkya Rahane
Brendon McCullum,Faf du Plessis
Brendon McCullum,Steven Smith
Brendon McCullum,Ishwar Pandey
Brendon McCullum,Suryakumar Yadav
Brendon McCullum,Jason Holder
Brendon McCullum,Murali Vijay
Brendon McCullum,Lendl Simmons
Brendon McCullum,Rohit Sharma
Brendon McCullum,Hardik Pandya
Brendon McCullum,Shikhar Dhawan
Brendon McCullum,Kane Williamson
Brendon McCullum,Ashish Reddy
Suresh Raina,Ajinkya Rahane
Suresh Raina,Faf du Plessis
Suresh Raina,Steven Smith
Suresh Raina,Mitchell Marsh
Suresh Raina,Ishwar Pandey
Suresh Raina,Adam Milne
Suresh Raina,Suryakumar Yadav
Suresh Raina,Lendl Simmons
Suresh Raina,Shikhar Dhawan
Suresh Raina,Kane Williamson
Suresh Raina,Ashish Reddy
Dinesh Karthik,Ajinkya Rahane
Dinesh Karthik,Kevin Pietersen
Dinesh Karthik,Faf du Plessis
Dinesh Karthik,Steven Smith
Dinesh Karthik,Adam Milne
Dinesh Karthik,Suryakumar Yadav
Dinesh Karthik,Jason Holder
Dinesh Karthik,Murali Vijay
Dinesh Karthik,Lendl Simmons
Dinesh Karthik,Shikhar Dhawan
Dinesh Karthik,Kane Williamson
Dinesh Karthik,Ashish Reddy
Dwayne Bravo,Ajinkya Rahane
Dwayne Bravo,Kevin Pietersen
Dwayne Bravo,Faf du Plessis
Dwayne Bravo,Steven Smith
Dwayne Bravo,Ishwar Pandey
Dwayne Bravo,Sreenath Aravind
Dwayne Bravo,Adam Milne
Dwayne Bravo,Shakib Al Hasan
Dwayne Bravo,Suryakumar Yadav
Dwayne Bravo,Jason Holder
Dwayne Bravo,Murali Vijay
Dwayne Bravo,Glenn Maxwell
Dwayne Bravo,Sandeep Sharma
Dwayne Bravo,Jean-Paul Duminy
Dwayne Bravo,Pawan Negi
Dwayne Bravo,Nathan Coulter-Nile
Dwayne Bravo,Imran Tahir
Dwayne Bravo,Lendl Simmons
Dwayne Bravo,Hardik Pandya
Dwayne Bravo,Tim Southee
Dwayne Bravo,Shikhar Dhawan
Dwayne Bravo,Kane Williamson
Dwayne Bravo,Ashish Reddy
James Faulkner,Ajinkya Rahane
James Faulkner,Kevin Pietersen
James Faulkner,Faf du Plessis
James Faulkner,Steven Smith
James Faulkner,Mitchell Marsh
James Faulkner,Irfan Pathan
James Faulkner,Ravichandran Ashwin
James Faulkner,Murugan Ashwin
James Faulkner,Chris Gayle
James Faulkner,Shane Watson
James Faulkner,Virat Kohli
James Faulkner,Stuart Binny
James Faulkner,Adam Milne
James Faulkner,Yusuf Pathan
James Faulkner,Suryakumar Yadav
James Faulkner,Piyush Chawla
James Faulkner,Umesh Yadav
James Faulkner,Morne Morkel
James Faulkner,Murali Vijay
James Faulkner,Glenn Maxwell
James Faulkner,Rishi Dhawan
James Faulkner,Jean-Paul Duminy
James Faulkner,Pawan Negi
James Faulkner,Lendl Simmons
James Faulkner,Hardik Pandya
James Faulkner,Tim Southee
James Faulkner,Shikhar Dhawan
James Faulkner,Kane Williamson
James Faulkner,Ashish Reddy
Ishan Kishan,Ajinkya Rahane
Ishan Kishan,Kevin Pietersen
Ishan Kishan,Faf du Plessis
Ishan Kishan,Steven Smith
Ishan Kishan,Mitchell Marsh
Ishan Kishan,Irfan Pathan
Ishan Kishan,Ravichandran Ashwin
Ishan Kishan,Ishant Sharma
Ishan Kishan,Murugan Ashwin
Ishan Kishan,Ishwar Pandey
Ishan Kishan,Chris Gayle
Ishan Kishan,Shane Watson
Ishan Kishan,Virat Kohli
Ishan Kishan,Stuart Binny
Ishan Kishan,Varun Aaron
Ishan Kishan,Yuzvendra Chahal
Ishan Kishan,Shakib Al Hasan
Ishan Kishan,Yusuf Pathan
Ishan Kishan,Suryakumar Yadav
Ishan Kishan,Andre Russell
Ishan Kishan,Jason Holder
Ishan Kishan,Piyush Chawla
Ishan Kishan,Umesh Yadav
Ishan Kishan,Morne Morkel
Ishan Kishan,Murali Vijay
Ishan Kishan,Rishi Dhawan
Ishan Kishan,Pawan Negi
Ishan Kishan,Chris Morris
Ishan Kishan,Lendl Simmons
Ishan Kishan,Rohit Sharma
Ishan Kishan,Kieron Pollard
Ishan Kishan,Tim Southee
Ishan Kishan,Shikhar Dhawan
Ishan Kishan,Kane Williamson
Ishan Kishan,Yuvraj Singh
Ishan Kishan,Ashish Reddy
Ishan Kishan,Trent Boult
Ishan Kishan,Karn Sharma
Ishan Kishan,Ashish Nehra
Ravindra Jadeja,Ajinkya Rahane
Ravindra Jadeja,Faf du Plessis
Ravindra Jadeja,Steven Smith
Ravindra Jadeja,Ishwar Pandey
Ravindra Jadeja,Virat Kohli
Ravindra Jadeja,Suryakumar Yadav
Ravindra Jadeja,Murali Vijay
Ravindra Jadeja,Lendl Simmons
Ravindra Jadeja,Shikhar Dhawan
Ravindra Jadeja,Kane Williamson
Ravindra Jadeja,Ashish Reddy
Ravindra Jadeja,Karn Sharma
Praveen Kumar,Ajinkya Rahane
Praveen Kumar,Kevin Pietersen
Praveen Kumar,Faf du Plessis
Praveen Kumar,Steven Smith
Praveen Kumar,Ravichandran Ashwin
Praveen Kumar,Murugan Ashwin
Praveen Kumar,Ishwar Pandey
Praveen Kumar,Chris Gayle
Praveen Kumar,Virat Kohli
Praveen Kumar,Stuart Binny
Praveen Kumar,Varun Aaron
Praveen Kumar,Adam Milne
Praveen Kumar,Shakib Al Hasan
Praveen Kumar,Suryakumar Yadav
Praveen Kumar,Jason Holder
Praveen Kumar,Murali Vijay
Praveen Kumar,Glenn Maxwell
Praveen Kumar,Axar Patel
Praveen Kumar,Rishi Dhawan
Praveen Kumar,Jean-Paul Duminy
Praveen Kumar,Pawan Negi
Praveen Kumar,Zaheer Khan
Praveen Kumar,Imran Tahir
Praveen Kumar,Lendl Simmons
Praveen Kumar,Rohit Sharma
Praveen Kumar,Hardik Pandya
Praveen Kumar,Krunal Pandya
Praveen Kumar,Tim Southee
Praveen Kumar,Jasprit Bumrah
Praveen Kumar,Shikhar Dhawan
Praveen Kumar,Kane Williamson
Praveen Kumar,Yuvraj Singh
Praveen Kumar,Ashish Reddy
Praveen Kumar,Moises Henriques
Praveen Kumar,Trent Boult
Praveen Kumar,Karn Sharma
Dhawal Kulkarni,Ajinkya Rahane
Dhawal Kulkarni,Kevin Pietersen
Dhawal Kulkarni,Faf du Plessis
Dhawal Kulkarni,Steven Smith
Dhawal Kulkarni,Mitchell Marsh
Dhawal Kulkarni,Ishant Sharma
Dhawal Kulkarni,Murugan Ashwin
Dhawal Kulkarni,Ishwar Pandey
Dhawal Kulkarni,Chris Gayle
Dhawal Kulkarni,Virat Kohli
Dhawal Kulkarni,Stuart Binny
Dhawal Kulkarni,Varun Aaron
Dhawal Kulkarni,Sreenath Aravind
Dhawal Kulkarni,Adam Milne
Dhawal Kulkarni,Shakib Al Hasan
Dhawal Kulkarni,Yusuf Pathan
Dhawal Kulkarni,Suryakumar Yadav
Dhawal Kulkarni,Andre Russell
Dhawal Kulkarni,Jason Holder
Dhawal Kulkarni,Piyush Chawla
Dhawal Kulkarni,Umesh Yadav
Dhawal Kulkarni,Morne Morkel
Dhawal Kulkarni,Murali Vijay
Dhawal Kulkarni,Glenn Maxwell
Dhawal Kulkarni,Axar Patel
Dhawal Kulkarni,Rishi Dhawan
Dhawal Kulkarni,Mitchell Johnson
Dhawal Kulkarni,Mohit Sharma
Dhawal Kulkarni,Jean-Paul Duminy
Dhawal Kulkarni,Pawan Negi
Dhawal Kulkarni,Chris Morris
Dhawal Kulkarni,Zaheer Khan
Dhawal Kulkarni,Amit Mishra
Dhawal Kulkarni,Nathan Coulter-Nile
Dhawal Kulkarni,Imran Tahir
Dhawal Kulkarni,Lendl Simmons
Dhawal Kulkarni,Kieron Pollard
Dhawal Kulkarni,Hardik Pandya
Dhawal Kulkarni,Harbhajan Singh
Dhawal Kulkarni,Krunal Pandya
Dhawal Kulkarni,Tim Southee
Dhawal Kulkarni,Lasith Malinga
Dhawal Kulkarni,Shikhar Dhawan
Dhawal Kulkarni,Kane Williamson
Dhawal Kulkarni,Yuvraj Singh
Dhawal Kulkarni,Ashish Reddy
Dhawal Kulkarni,Moises Henriques
Dhawal Kulkarni,Trent Boult
Dhawal Kulkarni,Karn Sharma
Pravin Tambe,Ajinkya Rahane
Pravin Tambe,Kevin Pietersen
Pravin Tambe,Faf du Plessis
Pravin Tambe,Steven Smith
Pravin Tambe,Mitchell Marsh
Pravin Tambe,Irfan Pathan
Pravin Tambe,Ravichandran Ashwin
Pravin Tambe,Ishant Sharma
Pravin Tambe,Murugan Ashwin
Pravin Tambe,Ishwar Pandey
Pravin Tambe,Chris Gayle
Pravin Tambe,Shane Watson
Pravin Tambe,Virat Kohli
Pravin Tambe,Stuart Binny
Pravin Tambe,Varun Aaron
Pravin Tambe,Yuzvendra Chahal
Pravin Tambe,Sreenath Aravind
Pravin Tambe,Adam Milne
Pravin Tambe,Shakib Al Hasan
Pravin Tambe,Yusuf Pathan
Pravin Tambe,Suryakumar Yadav
Pravin Tambe,Andre Russell
Pravin Tambe,Jason Holder
Pravin Tambe,Piyush Chawla
Pravin Tambe,Umesh Yadav
Pravin Tambe,Morne Morkel
Pravin Tambe,Murali Vijay
Pravin Tambe,Glenn Maxwell
Pravin Tambe,Axar Patel
Pravin Tambe,Rishi Dhawan
Pravin Tambe,Mitchell Johnson
Pravin Tambe,Mohit Sharma
Pravin Tambe,Sandeep Sharma
Pravin Tambe,Jean-Paul Duminy
Pravin Tambe,Pawan Negi
Pravin Tambe,Chris Morris
Pravin Tambe,Zaheer Khan
Pravin Tambe,Amit Mishra
Pravin Tambe,Nathan Coulter-Nile
Pravin Tambe,Imran Tahir
Pravin Tambe,Lendl Simmons
Pravin Tambe,Rohit Sharma
Pravin Tambe,Kieron Pollard
Pravin Tambe,Hardik Pandya
Pravin Tambe,Harbhajan Singh
Pravin Tambe,Krunal Pandya
Pravin Tambe,Tim Southee
Pravin Tambe,Jasprit Bumrah
Pravin Tambe,Lasith Malinga
Pravin Tambe,Shikhar Dhawan
Pravin Tambe,Kane Williamson
Pravin Tambe,Yuvraj Singh
Pravin Tambe,Ashish Reddy
Pravin Tambe,Moises Henriques
Pravin Tambe,Trent Boult
Pravin Tambe,Bhuvneshwar Kumar
Pravin Tambe,Karn Sharma
Pravin Tambe,Ashish Nehra
Chris Gayle,Ajinkya Rahane
Chris Gayle,Faf du Plessis
Chris Gayle,Steven Smith
Chris Gayle,Murugan Ashwin
Chris Gayle,Pravin Tambe
Chris Gayle,Suryakumar Yadav
Chris Gayle,Murali Vijay
Chris Gayle,Lendl Simmons
Chris Gayle,Krunal Pandya
Chris Gayle,Shikhar Dhawan
Chris Gayle,Kane Williamson
Chris Gayle,Yuvraj Singh
Chris Gayle,Ashish Reddy
Shane Watson,Ajinkya Rahane
Shane Watson,Kevin Pietersen
Shane Watson,Faf du Plessis
Shane Watson,Mitchell Marsh
Shane Watson,Murugan Ashwin
Shane Watson,Aaron Finch
Shane Watson,Suresh Raina
Shane Watson,James Faulkner
Shane Watson,Pravin Tambe
Shane Watson,Suryakumar Yadav
Shane Watson,Murali Vijay
Shane Watson,Glenn Maxwell
Shane Watson,Jean-Paul Duminy
Shane Watson,Lendl Simmons
Shane Watson,Hardik Pandya
Shane Watson,Shikhar Dhawan
Shane Watson,Kane Williamson
Shane Watson,Ashish Reddy
Shane Watson,Trent Boult
Virat Kohli,Ajinkya Rahane
Virat Kohli,Kevin Pietersen
Virat Kohli,Faf du Plessis
Virat Kohli,Steven Smith
Virat Kohli,Aaron Finch
Virat Kohli,Pravin Tambe
Virat Kohli,Suryakumar Yadav
Virat Kohli,Murali Vijay
Virat Kohli,Rishi Dhawan
Virat Kohli,Lendl Simmons
Virat Kohli,Shikhar Dhawan
Virat Kohli,Kane Williamson
Virat Kohli,Ashish Reddy
AB de Villiers,Ajinkya Rahane
AB de Villiers,Kevin Pietersen
AB de Villiers,Faf du Plessis
AB de Villiers,Steven Smith
AB de Villiers,Aaron Finch
AB de Villiers,Pravin Tambe
AB de Villiers,Suryakumar Yadav
AB de Villiers,Jason Holder
AB de Villiers,Murali Vijay
AB de Villiers,Lendl Simmons
AB de Villiers,Shikhar Dhawan
AB de Villiers,Kane Williamson
AB de Villiers,Ashish Reddy
Lokesh Rahul,Ajinkya Rahane
Lokesh Rahul,Kevin Pietersen
Lokesh Rahul,Faf du Plessis
Lokesh Rahul,Steven Smith
Lokesh Rahul,Mitchell Marsh
Lokesh Rahul,Irfan Pathan
Lokesh Rahul,Murugan Ashwin
Lokesh Rahul,Aaron Finch
Lokesh Rahul,Suresh Raina
Lokesh Rahul,Pravin Tambe
Lokesh Rahul,Yusuf Pathan
Lokesh Rahul,Suryakumar Yadav
Lokesh Rahul,Jason Holder
Lokesh Rahul,Murali Vijay
Lokesh Rahul,Mitchell Johnson
Lokesh Rahul,Nathan Coulter-Nile
Lokesh Rahul,Lendl Simmons
Lokesh Rahul,Rohit Sharma
Lokesh Rahul,Shikhar Dhawan
Lokesh Rahul,Kane Williamson
Lokesh Rahul,Ashish Reddy
Lokesh Rahul,Trent Boult
Lokesh Rahul,Karn Sharma
Kedar Jadhav,Ajinkya Rahane
Kedar Jadhav,Kevin Pietersen
Kedar Jadhav,Faf du Plessis
Kedar Jadhav,Steven Smith
Kedar Jadhav,Mitchell Marsh
Kedar Jadhav,Murugan Ashwin
Kedar Jadhav,Aaron Finch
Kedar Jadhav,Suresh Raina
Kedar Jadhav,Pravin Tambe
Kedar Jadhav,Suryakumar Yadav
Kedar Jadhav,Jason Holder
Kedar Jadhav,Morne Morkel
Kedar Jadhav,Murali Vijay
Kedar Jadhav,Glenn Maxwell
Kedar Jadhav,Rishi Dhawan
Kedar Jadhav,Mitchell Johnson
Kedar Jadhav,Jean-Paul Duminy
Kedar Jadhav,Pawan Negi
Kedar Jadhav,Lendl Simmons
Kedar Jadhav,Rohit Sharma
Kedar Jadhav,Kieron Pollard
Kedar Jadhav,Hardik Pandya
Kedar Jadhav,Tim Southee
Kedar Jadhav,Shikhar Dhawan
Kedar Jadhav,Kane Williamson
Kedar Jadhav,Ashish Reddy
Kedar Jadhav,Trent Boult
Stuart Binny,Ajinkya Rahane
Stuart Binny,Kevin Pietersen
Stuart Binny,Faf du Plessis
Stuart Binny,Steven Smith
Stuart Binny,Mitchell Marsh
Stuart Binny,Murugan Ashwin
Stuart Binny,Aaron Finch
Stuart Binny,James Faulkner
Stuart Binny,Pravin Tambe
Stuart Binny,Shakib Al Hasan
Stuart Binny,Yusuf Pathan
Stuart Binny,Suryakumar Yadav
Stuart Binny,Murali Vijay
Stuart Binny,Glenn Maxwell
Stuart Binny,Jean-Paul Duminy
Stuart Binny,Pawan Negi
Stuart Binny,Lendl Simmons
Stuart Binny,Hardik Pandya
Stuart Binny,Krunal Pandya
Stuart Binny,Tim Southee
Stuart Binny,Shikhar Dhawan
Stuart Binny,Kane Williamson
Stuart Binny,Ashish Reddy
Varun Aaron,Ajinkya Rahane
Varun Aaron,Kevin Pietersen
Varun Aaron,Faf du Plessis
Varun Aaron,Steven Smith
Varun Aaron,Mitchell Marsh
Varun Aaron,Irfan Pathan
Varun Aaron,Ishant Sharma
Varun Aaron,Murugan Ashwin
Varun Aaron,Ishwar Pandey
Varun Aaron,Aaron Finch
Varun Aaron,Suresh Raina
Varun Aaron,Dwayne Bravo
Varun Aaron,James Faulkner
Varun Aaron,Ravindra Jadeja
Varun Aaron,Praveen Kumar
Varun Aaron,Dhawal Kulkarni
Varun Aaron,Pravin Tambe
Varun Aaron,Shakib Al Hasan
Varun Aaron,Yusuf Pathan
Varun Aaron,Suryakumar Yadav
Varun Aaron,Andre Russell
Varun Aaron,Jason Holder
Varun Aaron,Piyush Chawla
Varun Aaron,Umesh Yadav
Varun Aaron,Morne Morkel
Varun Aaron,Murali Vijay
Varun Aaron,Glenn Maxwell
Varun Aaron,Mohit Sharma
Varun Aaron,Jean-Paul Duminy
Varun Aaron,Pawan Negi
Varun Aaron,Chris Morris
Varun Aaron,Zaheer Khan
Varun Aaron,Amit Mishra
Varun Aaron,Nathan Coulter-Nile
Varun Aaron,Imran Tahir
Varun Aaron,Lendl Simmons
Varun Aaron,Rohit Sharma
Varun Aaron,Hardik Pandya
Varun Aaron,Harbhajan Singh
Varun Aaron,Krunal Pandya
Varun Aaron,Tim Southee
Varun Aaron,Shikhar Dhawan
Varun Aaron,Kane Williamson
Varun Aaron,Yuvraj Singh
Varun Aaron,Ashish Reddy
Varun Aaron,Moises Henriques
Varun Aaron,Karn Sharma
Varun Aaron,Ashish Nehra
Yuzvendra Chahal,Ajinkya Rahane
Yuzvendra Chahal,Kevin Pietersen
Yuzvendra Chahal,Faf du Plessis
Yuzvendra Chahal,Steven Smith
Yuzvendra Chahal,Mitchell Marsh
Yuzvendra Chahal,Irfan Pathan
Yuzvendra Chahal,Ravichandran Ashwin
Yuzvendra Chahal,Ishant Sharma
Yuzvendra Chahal,Murugan Ashwin
Yuzvendra Chahal,Ishwar Pandey
Yuzvendra Chahal,Aaron Finch
Yuzvendra Chahal,Suresh Raina
Yuzvendra Chahal,Dwayne Bravo
Yuzvendra Chahal,Ravindra Jadeja
Yuzvendra Chahal,Praveen Kumar
Yuzvendra Chahal,Dhawal Kulkarni
Yuzvendra Chahal,Pravin Tambe
Yuzvendra Chahal,Shakib Al Hasan
Yuzvendra Chahal,Yusuf Pathan
Yuzvendra Chahal,Suryakumar Yadav
Yuzvendra Chahal,Andre Russell
Yuzvendra Chahal,Jason Holder
Yuzvendra Chahal,Piyush Chawla
Yuzvendra Chahal,Umesh Yadav
Yuzvendra Chahal,Morne Morkel
Yuzvendra Chahal,Murali Vijay
Yuzvendra Chahal,Glenn Maxwell
Yuzvendra Chahal,Rishi Dhawan
Yuzvendra Chahal,Mitchell Johnson
Yuzvendra Chahal,Sandeep Sharma
Yuzvendra Chahal,Jean-Paul Duminy
Yuzvendra Chahal,Pawan Negi
Yuzvendra Chahal,Chris Morris
Yuzvendra Chahal,Zaheer Khan
Yuzvendra Chahal,Amit Mishra
Yuzvendra Chahal,Nathan Coulter-Nile
Yuzvendra Chahal,Imran Tahir
Yuzvendra Chahal,Lendl Simmons
Yuzvendra Chahal,Rohit Sharma
Yuzvendra Chahal,Kieron Pollard
Yuzvendra Chahal,Hardik Pandya
Yuzvendra Chahal,Harbhajan Singh
Yuzvendra Chahal,Krunal Pandya
Yuzvendra Chahal,Tim Southee
Yuzvendra Chahal,Jasprit Bumrah
Yuzvendra Chahal,Lasith Malinga
Yuzvendra Chahal,Shikhar Dhawan
Yuzvendra Chahal,Kane Williamson
Yuzvendra Chahal,Yuvraj Singh
Yuzvendra Chahal,Ashish Reddy
Yuzvendra Chahal,Moises Henriques
Yuzvendra Chahal,Trent Boult
Yuzvendra Chahal,Karn Sharma
Sreenath Aravind,Ajinkya Rahane
Sreenath Aravind,Kevin Pietersen
Sreenath Aravind,Faf du Plessis
Sreenath Aravind,Steven Smith
Sreenath Aravind,Mitchell Marsh
Sreenath Aravind,Irfan Pathan
Sreenath Aravind,Ravichandran Ashwin
Sreenath Aravind,Ishant Sharma
Sreenath Aravind,Murugan Ashwin
Sreenath Aravind,Ishwar Pandey
Sreenath Aravind,Aaron Finch
Sreenath Aravind,Suresh Raina
Sreenath Aravind,Praveen Kumar
Sreenath Aravind,Dhawal Kulkarni
Sreenath Aravind,Pravin Tambe
Sreenath Aravind,Shakib Al Hasan
Sreenath Aravind,Yusuf Pathan
Sreenath Aravind,Suryakumar Yadav
Sreenath Aravind,Andre Russell
Sreenath Aravind,Jason Holder
Sreenath Aravind,Piyush Chawla
Sreenath Aravind,Umesh Yadav
Sreenath Aravind,Morne Morkel
Sreenath Aravind,Murali Vijay
Sreenath Aravind,Axar Patel
Sreenath Aravind,Rishi Dhawan
Sreenath Aravind,Mitchell Johnson
Sreenath Aravind,Mohit Sharma
Sreenath Aravind,Sandeep Sharma
Sreenath Aravind,Jean-Paul Duminy
Sreenath Aravind,Pawan Negi
Sreenath Aravind,Chris Morris
Sreenath Aravind,Zaheer Khan
Sreenath Aravind,Amit Mishra
Sreenath Aravind,Nathan Coulter-Nile
Sreenath Aravind,Lendl Simmons
Sreenath Aravind,Rohit Sharma
Sreenath Aravind,Kieron Pollard
Sreenath Aravind,Hardik Pandya
Sreenath Aravind,Harbhajan Singh
Sreenath Aravind,Krunal Pandya
Sreenath Aravind,Tim Southee
Sreenath Aravind,Jasprit Bumrah
Sreenath Aravind,Lasith Malinga
Sreenath Aravind,Shikhar Dhawan
Sreenath Aravind,Kane Williamson
Sreenath Aravind,Yuvraj Singh
Sreenath Aravind,Ashish Reddy
Sreenath Aravind,Moises Henriques
Sreenath Aravind,Trent Boult
Sreenath Aravind,Karn Sharma
Adam Milne,Ajinkya Rahane
Adam Milne,Kevin Pietersen
Adam Milne,Faf du Plessis
Adam Milne,Steven Smith
Adam Milne,Mitchell Marsh
Adam Milne,Irfan Pathan
Adam Milne,Ravichandran Ashwin
Adam Milne,Ishant Sharma
Adam Milne,Murugan Ashwin
Adam Milne,Ishwar Pandey
Adam Milne,Aaron Finch
Adam Milne,Suresh Raina
Adam Milne,Dwayne Bravo
Adam Milne,James Faulkner
Adam Milne,Ravindra Jadeja
Adam Milne,Praveen Kumar
Adam Milne,Dhawal Kulkarni
Adam Milne,Pravin Tambe
Adam Milne,Shakib Al Hasan
Adam Milne,Yusuf Pathan
Adam Milne,Suryakumar Yadav
Adam Milne,Andre Russell
Adam Milne,Jason Holder
Adam Milne,Piyush Chawla
Adam Milne,Umesh Yadav
Adam Milne,Morne Morkel
Adam Milne,Murali Vijay
Adam Milne,Glenn Maxwell
Adam Milne,Axar Patel
Adam Milne,Rishi Dhawan
Adam Milne,Mitchell Johnson
Adam Milne,Mohit Sharma
Adam Milne,Sandeep Sharma
Adam Milne,Jean-Paul Duminy
Adam Milne,Pawan Negi
Adam Milne,Chris Morris
Adam Milne,Zaheer Khan
Adam Milne,Amit Mishra
Adam Milne,Nathan Coulter-Nile
Adam Milne,Lendl Simmons
Adam Milne,Rohit Sharma
Adam Milne,Kieron Pollard
Adam Milne,Hardik Pandya
Adam Milne,Harbhajan Singh
Adam Milne,Krunal Pandya
Adam Milne,Tim Southee
Adam Milne,Jasprit Bumrah
Adam Milne,Lasith Malinga
Adam Milne,Shikhar Dhawan
Adam Milne,Kane Williamson
Adam Milne,Yuvraj Singh
Adam Milne,Ashish Reddy
Adam Milne,Moises Henriques
Adam Milne,Trent Boult
Adam Milne,Bhuvneshwar Kumar
Adam Milne,Karn Sharma
Adam Milne,Ashish Nehra
Robin Uthappa,Ajinkya Rahane
Robin Uthappa,Kevin Pietersen
Robin Uthappa,Faf du Plessis
Robin Uthappa,Steven Smith
Robin Uthappa,Mitchell Marsh
Robin Uthappa,Murugan Ashwin
Robin Uthappa,Aaron Finch
Robin Uthappa,Pravin Tambe
Robin Uthappa,Virat Kohli
Robin Uthappa,Adam Milne
Robin Uthappa,Murali Vijay
Robin Uthappa,Rohit Sharma
Robin Uthappa,Shikhar Dhawan
Robin Uthappa,Kane Williamson
Robin Uthappa,Ashish Reddy
Robin Uthappa,Trent Boult
Gautam Gambhir,Ajinkya Rahane
Gautam Gambhir,Kevin Pietersen
Gautam Gambhir,Faf du Plessis
Gautam Gambhir,Steven Smith
Gautam Gambhir,Murugan Ashwin
Gautam Gambhir,Aaron Finch
Gautam Gambhir,Pravin Tambe
Gautam Gambhir,Adam Milne
Gautam Gambhir,Murali Vijay
Gautam Gambhir,Lendl Simmons
Gautam Gambhir,Shikhar Dhawan
Gautam Gambhir,Ashish Reddy
Gautam Gambhir,Trent Boult
Manish Pandey,Ajinkya Rahane
Manish Pandey,Kevin Pietersen
Manish Pandey,Faf du Plessis
Manish Pandey,Steven Smith
Manish Pandey,Mitchell Marsh
Manish Pandey,Aaron Finch
Manish Pandey,Pravin Tambe
Manish Pandey,Virat Kohli
Manish Pandey,Stuart Binny
Manish Pandey,Adam Milne
Manish Pandey,Murali Vijay
Manish Pandey,Rohit Sharma
Manish Pandey,Shikhar Dhawan
Manish Pandey,Kane Williamson
Manish Pandey,Ashish Reddy
Manish Pandey,Trent Boult
Shakib Al Hasan,Ajinkya Rahane
Shakib Al Hasan,Kevin Pietersen
Shakib Al Hasan,Faf du Plessis
Shakib Al Hasan,Steven Smith
Shakib Al Hasan,Mitchell Marsh
Shakib Al Hasan,Ishant Sharma
Shakib Al Hasan,Murugan Ashwin
Shakib Al Hasan,Ishwar Pandey
Shakib Al Hasan,Aaron Finch
Shakib Al Hasan,Pravin Tambe
Shakib Al Hasan,Chris Gayle
Shakib Al Hasan,Virat Kohli
Shakib Al Hasan,Stuart Binny
Shakib Al Hasan,Adam Milne
Shakib Al Hasan,Murali Vijay
Shakib Al Hasan,Glenn Maxwell
Shakib Al Hasan,Sandeep Sharma
Shakib Al Hasan,Zaheer Khan
Shakib Al Hasan,Amit Mishra
Shakib Al Hasan,Imran Tahir
Shakib Al Hasan,Rohit Sharma
Shakib Al Hasan,Krunal Pandya
Shakib Al Hasan,Jasprit Bumrah
Shakib Al Hasan,Shikhar Dhawan
Shakib Al Hasan,Kane Williamson
Shakib Al Hasan,Ashish Reddy
Shakib Al Hasan,Moises Henriques
Shakib Al Hasan,Trent Boult
Yusuf Pathan,Ajinkya Rahane
Yusuf Pathan,Kevin Pietersen
Yusuf Pathan,Faf du Plessis
Yusuf Pathan,Steven Smith
Yusuf Pathan,Mitchell Marsh
Yusuf Pathan,Aaron Finch
Yusuf Pathan,Pravin Tambe
Yusuf Pathan,Adam Milne
Yusuf Pathan,Murali Vijay
Yusuf Pathan,Glenn Maxwell
Yusuf Pathan,Jean-Paul Duminy
Yusuf Pathan,Pawan Negi
Yusuf Pathan,Shikhar Dhawan
Yusuf Pathan,Kane Williamson
Yusuf Pathan,Ashish Reddy
Yusuf Pathan,Trent Boult
Suryakumar Yadav,Ajinkya Rahane
Suryakumar Yadav,Kevin Pietersen
Suryakumar Yadav,Faf du Plessis
Suryakumar Yadav,Steven Smith
Suryakumar Yadav,Mitchell Marsh
Suryakumar Yadav,Irfan Pathan
Suryakumar Yadav,Ravichandran Ashwin
Suryakumar Yadav,Ishant Sharma
Suryakumar Yadav,Murugan Ashwin
Suryakumar Yadav,Ishwar Pandey
Suryakumar Yadav,Aaron Finch
Suryakumar Yadav,Suresh Raina
Suryakumar Yadav,Dwayne Bravo
Suryakumar Yadav,James Faulkner
Suryakumar Yadav,Ravindra Jadeja
Suryakumar Yadav,Praveen Kumar
Suryakumar Yadav,Dhawal Kulkarni
Suryakumar Yadav,Pravin Tambe
Suryakumar Yadav,Chris Gayle
Suryakumar Yadav,Stuart Binny
Suryakumar Yadav,Varun Aaron
Suryakumar Yadav,Yuzvendra Chahal
Suryakumar Yadav,Sreenath Aravind
Suryakumar Yadav,Adam Milne
Suryakumar Yadav,Murali Vijay
Suryakumar Yadav,Glenn Maxwell
Suryakumar Yadav,Axar Patel
Suryakumar Yadav,Rishi Dhawan
Suryakumar Yadav,Mitchell Johnson
Suryakumar Yadav,Mohit Sharma
Suryakumar Yadav,Sandeep Sharma
Suryakumar Yadav,Jean-Paul Duminy
Suryakumar Yadav,Pawan Negi
Suryakumar Yadav,Chris Morris
Suryakumar Yadav,Amit Mishra
Suryakumar Yadav,Nathan Coulter-Nile
Suryakumar Yadav,Imran Tahir
Suryakumar Yadav,Lendl Simmons
Suryakumar Yadav,Rohit Sharma
Suryakumar Yadav,Kieron Pollard
Suryakumar Yadav,Hardik Pandya
Suryakumar Yadav,Harbhajan Singh
Suryakumar Yadav,Krunal Pandya
Suryakumar Yadav,Tim Southee
Suryakumar Yadav,Jasprit Bumrah
Suryakumar Yadav,Lasith Malinga
Suryakumar Yadav,Shikhar Dhawan
Suryakumar Yadav,Kane Williamson
Suryakumar Yadav,Yuvraj Singh
Suryakumar Yadav,Ashish Reddy
Suryakumar Yadav,Moises Henriques
Suryakumar Yadav,Trent Boult
Suryakumar Yadav,Bhuvneshwar Kumar
Suryakumar Yadav,Karn Sharma
Suryakumar Yadav,Ashish Nehra
Andre Russell,Ajinkya Rahane
Andre Russell,Kevin Pietersen
Andre Russell,Faf du Plessis
Andre Russell,Steven Smith
Andre Russell,Mitchell Marsh
Andre Russell,Irfan Pathan
Andre Russell,Ishant Sharma
Andre Russell,Ishwar Pandey
Andre Russell,Aaron Finch
Andre Russell,Suresh Raina
Andre Russell,Praveen Kumar
Andre Russell,Pravin Tambe
Andre Russell,Chris Gayle
Andre Russell,Virat Kohli
Andre Russell,Adam Milne
Andre Russell,Murali Vijay
Andre Russell,Glenn Maxwell
Andre Russell,Rishi Dhawan
Andre Russell,Jean-Paul Duminy
Andre Russell,Nathan Coulter-Nile
Andre Russell,Lendl Simmons
Andre Russell,Rohit Sharma
Andre Russell,Kieron Pollard
Andre Russell,Hardik Pandya
Andre Russell,Krunal Pandya
Andre Russell,Shikhar Dhawan
Andre Russell,Kane Williamson
Andre Russell,Yuvraj Singh
Andre Russell,Ashish Reddy
Andre Russell,Trent Boult
Andre Russell,Bhuvneshwar Kumar
Andre Russell,Karn Sharma
Jason Holder,Ajinkya Rahane
Jason Holder,Kevin Pietersen
Jason Holder,Faf du Plessis
Jason Holder,Steven Smith
Jason Holder,Mitchell Marsh
Jason Holder,Irfan Pathan
Jason Holder,Ravichandran Ashwin
Jason Holder,Ishant Sharma
Jason Holder,Murugan Ashwin
Jason Holder,Ishwar Pandey
Jason Holder,Aaron Finch
Jason Holder,Suresh Raina
Jason Holder,James Faulkner
Jason Holder,Ravindra Jadeja
Jason Holder,Praveen Kumar
Jason Holder,Dhawal Kulkarni
Jason Holder,Pravin Tambe
Jason Holder,Chris Gayle
Jason Holder,Shane Watson
Jason Holder,Virat Kohli
Jason Holder,Stuart Binny
Jason Holder,Varun Aaron
Jason Holder,Yuzvendra Chahal
Jason Holder,Sreenath Aravind
Jason Holder,Adam Milne
Jason Holder,Murali Vijay
Jason Holder,Glenn Maxwell
Jason Holder,Axar Patel
Jason Holder,Rishi Dhawan
Jason Holder,Mitchell Johnson
Jason Holder,Mohit Sharma
Jason Holder,Sandeep Sharma
Jason Holder,Jean-Paul Duminy
Jason Holder,Pawan Negi
Jason Holder,Zaheer Khan
Jason Holder,Amit Mishra
Jason Holder,Nathan Coulter-Nile
Jason Holder,Imran Tahir
Jason Holder,Lendl Simmons
Jason Holder,Rohit Sharma
Jason Holder,Kieron Pollard
Jason Holder,Hardik Pandya
Jason Holder,Harbhajan Singh
Jason Holder,Krunal Pandya
Jason Holder,Tim Southee
Jason Holder,Jasprit Bumrah
Jason Holder,Lasith Malinga
Jason Holder,Shikhar Dhawan
Jason Holder,Kane Williamson
Jason Holder,Yuvraj Singh
Jason Holder,Ashish Reddy
Jason Holder,Moises Henriques
Jason Holder,Trent Boult
Jason Holder,Karn Sharma
Jason Holder,Ashish Nehra
Piyush Chawla,Ajinkya Rahane
Piyush Chawla,Kevin Pietersen
Piyush Chawla,Faf du Plessis
Piyush Chawla,Steven Smith
Piyush Chawla,Mitchell Marsh
Piyush Chawla,Ravichandran Ashwin
Piyush Chawla,Murugan Ashwin
Piyush Chawla,Ishwar Pandey
Piyush Chawla,Aaron Finch
Piyush Chawla,Ravindra Jadeja
Piyush Chawla,Pravin Tambe
Piyush Chawla,Virat Kohli
Piyush Chawla,Yuzvendra Chahal
Piyush Chawla,Sreenath Aravind
Piyush Chawla,Adam Milne
Piyush Chawla,Murali Vijay
Piyush Chawla,Glenn Maxwell
Piyush Chawla,Rishi Dhawan
Piyush Chawla,Jean-Paul Duminy
Piyush Chawla,Nathan Coulter-Nile
Piyush Chawla,Lendl Simmons
Piyush Chawla,Krunal Pandya
Piyush Chawla,Tim Southee
Piyush Chawla,Jasprit Bumrah
Piyush Chawla,Shikhar Dhawan
Piyush Chawla,Kane Williamson
Piyush Chawla,Ashish Reddy
Piyush Chawla,Trent Boult
Umesh Yadav,Ajinkya Rahane
Umesh Yadav,Kevin Pietersen
Umesh Yadav,Faf du Plessis
Umesh Yadav,Steven Smith
Umesh Yadav,Mitchell Marsh
Umesh Yadav,Irfan Pathan
Umesh Yadav,Ishant Sharma
Umesh Yadav,Murugan Ashwin
Umesh Yadav,Ishwar Pandey
Umesh Yadav,Aaron Finch
Umesh Yadav,Suresh Raina
Umesh Yadav,Ravindra Jadeja
Umesh Yadav,Praveen Kumar
Umesh Yadav,Dhawal Kulkarni
Umesh Yadav,Pravin Tambe
Umesh Yadav,Chris Gayle
Umesh Yadav,Virat Kohli
Umesh Yadav,Stuart Binny
Umesh Yadav,Varun Aaron
Umesh Yadav,Yuzvendra Chahal
Umesh Yadav,Sreenath Aravind
Umesh Yadav,Adam Milne
Umesh Yadav,Murali Vijay
Umesh Yadav,Glenn Maxwell
Umesh Yadav,Axar Patel
Umesh Yadav,Rishi Dhawan
Umesh Yadav,Jean-Paul Duminy
Umesh Yadav,Pawan Negi
Umesh Yadav,Amit Mishra
Umesh Yadav,Nathan Coulter-Nile
Umesh Yadav,Imran Tahir
Umesh Yadav,Lendl Simmons
Umesh Yadav,Rohit Sharma
Umesh Yadav,Krunal Pandya
Umesh Yadav,Shikhar Dhawan
Umesh Yadav,Kane Williamson
Umesh Yadav,Yuvraj Singh
Umesh Yadav,Ashish Reddy
Umesh Yadav,Moises Henriques
Umesh Yadav,Trent Boult
Umesh Yadav,Karn Sharma
Morne Morkel,Ajinkya Rahane
Morne Morkel,Kevin Pietersen
Morne Morkel,Faf du Plessis
Morne Morkel,Steven Smith
Morne Morkel,Mitchell Marsh
Morne Morkel,Irfan Pathan
Morne Morkel,Ishant Sharma
Morne Morkel,Murugan Ashwin
Morne Morkel,Ishwar Pandey
Morne Morkel,Aaron Finch
Morne Morkel,Suresh Raina
Morne Morkel,James Faulkner
Morne Morkel,Pravin Tambe
Morne Morkel,Chris Gayle
Morne Morkel,Shane Watson
Morne Morkel,Virat Kohli
Morne Morkel,Stuart Binny
Morne Morkel,Varun Aaron
Morne Morkel,Yuzvendra Chahal
Morne Morkel,Sreenath Aravind
Morne Morkel,Adam Milne
Morne Morkel,Murali Vijay
Morne Morkel,Glenn Maxwell
Morne Morkel,Axar Patel
Morne Morkel,Rishi Dhawan
Morne Morkel,Mohit Sharma
Morne Morkel,Jean-Paul Duminy
Morne Morkel,Pawan Negi
Morne Morkel,Zaheer Khan
Morne Morkel,Amit Mishra
Morne Morkel,Nathan Coulter-Nile
Morne Morkel,Imran Tahir
Morne Morkel,Lendl Simmons
Morne Morkel,Hardik Pandya
Morne Morkel,Harbhajan Singh
Morne Morkel,Krunal Pandya
Morne Morkel,Tim Southee
Morne Morkel,Jasprit Bumrah
Morne Morkel,Shikhar Dhawan
Morne Morkel,Kane Williamson
Morne Morkel,Yuvraj Singh
Morne Morkel,Ashish Reddy
Morne Morkel,Moises Henriques
Morne Morkel,Trent Boult
Morne Morkel,Bhuvneshwar Kumar
Morne Morkel,Karn Sharma
Morne Morkel,Ashish Nehra
Murali Vijay,Ajinkya Rahane
Murali Vijay,Faf du Plessis
Murali Vijay,Steven Smith
Murali Vijay,Aaron Finch
Murali Vijay,Suresh Raina
Murali Vijay,Pravin Tambe
Murali Vijay,Virat Kohli
Murali Vijay,Adam Milne
Murali Vijay,Suryakumar Yadav
Murali Vijay,Jason Holder
Murali Vijay,Imran Tahir
Murali Vijay,Lendl Simmons
Murali Vijay,Hardik Pandya
Murali Vijay,Shikhar Dhawan
Murali Vijay,Kane Williamson
Murali Vijay,Ashish Reddy
Manan Vohra,Ajinkya Rahane
Manan Vohra,Kevin Pietersen
Manan Vohra,Faf du Plessis
Manan Vohra,Steven Smith
Manan Vohra,Aaron Finch
Manan Vohra,Suresh Raina
Manan Vohra,Dwayne Bravo
Manan Vohra,Dhawal Kulkarni
Manan Vohra,Pravin Tambe
Manan Vohra,Chris Gayle
Manan Vohra,Virat Kohli
Manan Vohra,Stuart Binny
Manan Vohra,Varun Aaron
Manan Vohra,Adam Milne
Manan Vohra,Yusuf Pathan
Manan Vohra,Suryakumar Yadav
Manan Vohra,Jason Holder
Manan Vohra,Nathan Coulter-Nile
Manan Vohra,Lendl Simmons
Manan Vohra,Hardik Pandya
Manan Vohra,Harbhajan Singh
Manan Vohra,Krunal Pandya
Manan Vohra,Shikhar Dhawan
Manan Vohra,Kane Williamson
Manan Vohra,Ashish Reddy
Shaun Marsh,Ajinkya Rahane
Shaun Marsh,Kevin Pietersen
Shaun Marsh,Faf du Plessis
Shaun Marsh,Steven Smith
Shaun Marsh,Aaron Finch
Shaun Marsh,Pravin Tambe
Shaun Marsh,Yuzvendra Chahal
Shaun Marsh,Adam Milne
Shaun Marsh,Suryakumar Yadav
Shaun Marsh,Jason Holder
Shaun Marsh,Imran Tahir
Shaun Marsh,Lendl Simmons
Shaun Marsh,Shikhar Dhawan
Shaun Marsh,Kane Williamson
Shaun Marsh,Ashish Reddy
Glenn Maxwell,Ajinkya Rahane
Glenn Maxwell,Kevin Pietersen
Glenn Maxwell,Faf du Plessis
Glenn Maxwell,Steven Smith
Glenn Maxwell,Mitchell Marsh
Glenn Maxwell,Ishant Sharma
Glenn Maxwell,Aaron Finch
Glenn Maxwell,Suresh Raina
Glenn Maxwell,Pravin Tambe
Glenn Maxwell,Chris Gayle
Glenn Maxwell,Virat Kohli
Glenn Maxwell,Stuart Binny
Glenn Maxwell,Adam Milne
Glenn Maxwell,Suryakumar Yadav
Glenn Maxwell,Jason Holder
Glenn Maxwell,Nathan Coulter-Nile
Glenn Maxwell,Lendl Simmons
Glenn Maxwell,Rohit Sharma
Glenn Maxwell,Hardik Pandya
Glenn Maxwell,Shikhar Dhawan
Glenn Maxwell,Kane Williamson
Glenn Maxwell,Ashish Reddy
David Miller,Ajinkya Rahane
David Miller,Kevin Pietersen
David Miller,Faf du Plessis
David Miller,Steven Smith
David Miller,Mitchell Marsh
David Miller,Aaron Finch
David Miller,Praveen Kumar
David Miller,Pravin Tambe
David Miller,Virat Kohli
David Miller,Adam Milne
David Miller,Suryakumar Yadav
David Miller,Jason Holder
David Miller,Lendl Simmons
David Miller,Hardik Pandya
David Miller,Krunal Pandya
David Miller,Shikhar Dhawan
David Miller,Kane Williamson
David Miller,Ashish Reddy
Wriddhiman Saha,Ajinkya Rahane
Wriddhiman Saha,Faf du Plessis
Wriddhiman Saha,Steven Smith
Wriddhiman Saha,Mitchell Marsh
Wriddhiman Saha,Aaron Finch
Wriddhiman Saha,Pravin Tambe
Wriddhiman Saha,Stuart Binny
Wriddhiman Saha,Adam Milne
Wriddhiman Saha,Suryakumar Yadav
Wriddhiman Saha,Jason Holder
Wriddhiman Saha,Lendl Simmons
Wriddhiman Saha,Shikhar Dhawan
Wriddhiman Saha,Kane Williamson
Wriddhiman Saha,Ashish Reddy
Axar Patel,Ajinkya Rahane
Axar Patel,Kevin Pietersen
Axar Patel,Faf du Plessis
Axar Patel,Steven Smith
Axar Patel,Mitchell Marsh
Axar Patel,Irfan Pathan
Axar Patel,Murugan Ashwin
Axar Patel,Ishwar Pandey
Axar Patel,Aaron Finch
Axar Patel,Pravin Tambe
Axar Patel,Chris Gayle
Axar Patel,Virat Kohli
Axar Patel,Adam Milne
Axar Patel,Yusuf Pathan
Axar Patel,Suryakumar Yadav
Axar Patel,Jason Holder
Axar Patel,Lendl Simmons
Axar Patel,Rohit Sharma
Axar Patel,Kieron Pollard
Axar Patel,Harbhajan Singh
Axar Patel,Krunal Pandya
Axar Patel,Shikhar Dhawan
Axar Patel,Kane Williamson
Axar Patel,Yuvraj Singh
Axar Patel,Ashish Reddy
Rishi Dhawan,Ajinkya Rahane
Rishi Dhawan,Kevin Pietersen
Rishi Dhawan,Faf du Plessis
Rishi Dhawan,Steven Smith
Rishi Dhawan,Mitchell Marsh
Rishi Dhawan,Irfan Pathan
Rishi Dhawan,Ravichandran Ashwin
Rishi Dhawan,Ishant Sharma
Rishi Dhawan,Murugan Ashwin
Rishi Dhawan,Ishwar Pandey
Rishi Dhawan,Aaron Finch
Rishi Dhawan,James Faulkner
Rishi Dhawan,Dhawal Kulkarni
Rishi Dhawan,Pravin Tambe
Rishi Dhawan,Chris Gayle
Rishi Dhawan,Virat Kohli
Rishi Dhawan,Yuzvendra Chahal
Rishi Dhawan,Sreenath Aravind
Rishi Dhawan,Adam Milne
Rishi Dhawan,Yusuf Pathan
Rishi Dhawan,Suryakumar Yadav
Rishi Dhawan,Andre Russell
Rishi Dhawan,Jason Holder
Rishi Dhawan,Jean-Paul Duminy
Rishi Dhawan,Zaheer Khan
Rishi Dhawan,Amit Mishra
Rishi Dhawan,Nathan Coulter-Nile
Rishi Dhawan,Lendl Simmons
Rishi Dhawan,Rohit Sharma
Rishi Dhawan,Kieron Pollard
Rishi Dhawan,Hardik Pandya
Rishi Dhawan,Harbhajan Singh
Rishi Dhawan,Krunal Pandya
Rishi Dhawan,Tim Southee
Rishi Dhawan,Shikhar Dhawan
Rishi Dhawan,Kane Williamson
Rishi Dhawan,Ashish Reddy
Rishi Dhawan,Moises Henriques
Rishi Dhawan,Karn Sharma
Mitchell Johnson,Ajinkya Rahane
Mitchell Johnson,Kevin Pietersen
Mitchell Johnson,Faf du Plessis
Mitchell Johnson,Steven Smith
Mitchell Johnson,Mitchell Marsh
Mitchell Johnson,Irfan Pathan
Mitchell Johnson,Ishant Sharma
Mitchell Johnson,Murugan Ashwin
Mitchell Johnson,Ishwar Pandey
Mitchell Johnson,Aaron Finch
Mitchell Johnson,Suresh Raina
Mitchell Johnson,Dhawal Kulkarni
Mitchell Johnson,Pravin Tambe
Mitchell Johnson,Chris Gayle
Mitchell Johnson,Shane Watson
Mitchell Johnson,Virat Kohli
Mitchell Johnson,Yuzvendra Chahal
Mitchell Johnson,Adam Milne
Mitchell Johnson,Yusuf Pathan
Mitchell Johnson,Suryakumar Yadav
Mitchell Johnson,Andre Russell
Mitchell Johnson,Jason Holder
Mitchell Johnson,Piyush Chawla
Mitchell Johnson,Jean-Paul Duminy
Mitchell Johnson,Pawan Negi
Mitchell Johnson,Amit Mishra
Mitchell Johnson,Nathan Coulter-Nile
Mitchell Johnson,Imran Tahir
Mitchell Johnson,Lendl Simmons
Mitchell Johnson,Rohit Sharma
Mitchell Johnson,Kieron Pollard
Mitchell Johnson,Hardik Pandya
Mitchell Johnson,Harbhajan Singh
Mitchell Johnson,Krunal Pandya
Mitchell Johnson,Jasprit Bumrah
Mitchell Johnson,Shikhar Dhawan
Mitchell Johnson,Kane Williamson
Mitchell Johnson,Yuvraj Singh
Mitchell Johnson,Ashish Reddy
Mitchell Johnson,Moises Henriques
Mitchell Johnson,Trent Boult
Mitchell Johnson,Karn Sharma
Mitchell Johnson,Ashish Nehra
Mohit Sharma,Ajinkya Rahane
Mohit Sharma,Kevin Pietersen
Mohit Sharma,Faf du Plessis
Mohit Sharma,Steven Smith
Mohit Sharma,Mitchell Marsh
Mohit Sharma,Irfan Pathan
Mohit Sharma,Ravichandran Ashwin
Mohit Sharma,Ishant Sharma
Mohit Sharma,Murugan Ashwin
Mohit Sharma,Ishwar Pandey
Mohit Sharma,Aaron Finch
Mohit Sharma,Suresh Raina
Mohit Sharma,Dwayne Bravo
Mohit Sharma,James Faulkner
Mohit Sharma,Ravindra Jadeja
Mohit Sharma,Dhawal Kulkarni
Mohit Sharma,Pravin Tambe
Mohit Sharma,Virat Kohli
Mohit Sharma,Stuart Binny
Mohit Sharma,Varun Aaron
Mohit Sharma,Sreenath Aravind
Mohit Sharma,Adam Milne
Mohit Sharma,Shakib Al Hasan
Mohit Sharma,Yusuf Pathan
Mohit Sharma,Suryakumar Yadav
Mohit Sharma,Jason Holder
Mohit Sharma,Piyush Chawla
Mohit Sharma,Jean-Paul Duminy
Mohit Sharma,Pawan Negi
Mohit Sharma,Amit Mishra
Mohit Sharma,Imran Tahir
Mohit Sharma,Lendl Simmons
Mohit Sharma,Rohit Sharma
Mohit Sharma,Hardik Pandya
Mohit Sharma,Harbhajan Singh
Mohit Sharma,Krunal Pandya
Mohit Sharma,Tim Southee
Mohit Sharma,Jasprit Bumrah
Mohit Sharma,Shikhar Dhawan
Mohit Sharma,Kane Williamson
Mohit Sharma,Yuvraj Singh
Mohit Sharma,Ashish Reddy
Mohit Sharma,Moises Henriques
Mohit Sharma,Karn Sharma
Sandeep Sharma,Ajinkya Rahane
Sandeep Sharma,Kevin Pietersen
Sandeep Sharma,Faf du Plessis
Sandeep Sharma,Steven Smith
Sandeep Sharma,Mitchell Marsh
Sandeep Sharma,Irfan Pathan
Sandeep Sharma,Ravichandran Ashwin
Sandeep Sharma,Ishant Sharma
Sandeep Sharma,Murugan Ashwin
Sandeep Sharma,Ishwar Pandey
Sandeep Sharma,Aaron Finch
Sandeep Sharma,Suresh Raina
Sandeep Sharma,Dwayne Bravo
Sandeep Sharma,James Faulkner
Sandeep Sharma,Ravindra Jadeja
Sandeep Sharma,Dhawal Kulkarni
Sandeep Sharma,Pravin Tambe
Sandeep Sharma,Shane Watson
Sandeep Sharma,Virat Kohli
Sandeep Sharma,Stuart Binny
Sandeep Sharma,Varun Aaron
Sandeep Sharma,Sreenath Aravind
Sandeep Sharma,Adam Milne
Sandeep Sharma,Shakib Al Hasan
Sandeep Sharma,Yusuf Pathan
Sandeep Sharma,Suryakumar Yadav
Sandeep Sharma,Jason Holder
Sandeep Sharma,Piyush Chawla
Sandeep Sharma,Morne Morkel
Sandeep Sharma,Jean-Paul Duminy
Sandeep Sharma,Pawan Negi
Sandeep Sharma,Zaheer Khan
Sandeep Sharma,Amit Mishra
Sandeep Sharma,Nathan Coulter-Nile
Sandeep Sharma,Imran Tahir
Sandeep Sharma,Lendl Simmons
Sandeep Sharma,Rohit Sharma
Sandeep Sharma,Kieron Pollard
Sandeep Sharma,Hardik Pandya
Sandeep Sharma,Harbhajan Singh
Sandeep Sharma,Krunal Pandya
Sandeep Sharma,Tim Southee
Sandeep Sharma,Jasprit Bumrah
Sandeep Sharma,Lasith Malinga
Sandeep Sharma,Shikhar Dhawan
Sandeep Sharma,Kane Williamson
Sandeep Sharma,Yuvraj Singh
Sandeep Sharma,Ashish Reddy
Sandeep Sharma,Moises Henriques
Sandeep Sharma,Trent Boult
Sandeep Sharma,Karn Sharma
Sandeep Sharma,Ashish Nehra
Shreyas Iyer,Ajinkya Rahane
Shreyas Iyer,Kevin Pietersen
Shreyas Iyer,Faf du Plessis
Shreyas Iyer,Steven Smith
Shreyas Iyer,Mitchell Marsh
Shreyas Iyer,Irfan Pathan
Shreyas Iyer,Ishant Sharma
Shreyas Iyer,Murugan Ashwin
Shreyas Iyer,Aaron Finch
Shreyas Iyer,Dwayne Bravo
Shreyas Iyer,Pravin Tambe
Shreyas Iyer,Chris Gayle
Shreyas Iyer,Virat Kohli
Shreyas Iyer,Stuart Binny
Shreyas Iyer,Adam Milne
Shreyas Iyer,Shakib Al Hasan
Shreyas Iyer,Yusuf Pathan
Shreyas Iyer,Suryakumar Yadav
Shreyas Iyer,Jason Holder
Shreyas Iyer,Murali Vijay
Shreyas Iyer,Glenn Maxwell
Shreyas Iyer,Rishi Dhawan
Shreyas Iyer,Lendl Simmons
Shreyas Iyer,Rohit Sharma
Shreyas Iyer,Shikhar Dhawan
Shreyas Iyer,Kane Williamson
Shreyas Iyer,Ashish Reddy
Shreyas Iyer,Trent Boult
Mayank Agarwal,Ajinkya Rahane
Mayank Agarwal,Kevin Pietersen
Mayank Agarwal,Faf du Plessis
Mayank Agarwal,Steven Smith
Mayank Agarwal,Mitchell Marsh
Mayank Agarwal,Irfan Pathan
Mayank Agarwal,Murugan Ashwin
Mayank Agarwal,Aaron Finch
Mayank Agarwal,Suresh Raina
Mayank Agarwal,Pravin Tambe
Mayank Agarwal,Chris Gayle
Mayank Agarwal,Shane Watson
Mayank Agarwal,Virat Kohli
Mayank Agarwal,Sreenath Aravind
Mayank Agarwal,Adam Milne
Mayank Agarwal,Shakib Al Hasan
Mayank Agarwal,Yusuf Pathan
Mayank Agarwal,Suryakumar Yadav
Mayank Agarwal,Jason Holder
Mayank Agarwal,Piyush Chawla
Mayank Agarwal,Murali Vijay
Mayank Agarwal,Lendl Simmons
Mayank Agarwal,Krunal Pandya
Mayank Agarwal,Shikhar Dhawan
Mayank Agarwal,Kane Williamson
Mayank Agarwal,Ashish Reddy
Mayank Agarwal,Trent Boult
Sanju Samson,Ajinkya Rahane
Sanju Samson,Kevin Pietersen
Sanju Samson,Faf du Plessis
Sanju Samson,Steven Smith
Sanju Samson,Mitchell Marsh
Sanju Samson,Ishant Sharma
Sanju Samson,Murugan Ashwin
Sanju Samson,Aaron Finch
Sanju Samson,Pravin Tambe
Sanju Samson,Chris Gayle
Sanju Samson,Virat Kohli
Sanju Samson,Adam Milne
Sanju Samson,Yusuf Pathan
Sanju Samson,Suryakumar Yadav
Sanju Samson,Murali Vijay
Sanju Samson,Lendl Simmons
Sanju Samson,Shikhar Dhawan
Sanju Samson,Kane Williamson
Sanju Samson,Ashish Reddy
Jean-Paul Duminy,Ajinkya Rahane
Jean-Paul Duminy,Faf du Plessis
Jean-Paul Duminy,Steven Smith
Jean-Paul Duminy,Aaron Finch
Jean-Paul Duminy,Pravin Tambe
Jean-Paul Duminy,Virat Kohli
Jean-Paul Duminy,Sreenath Aravind
Jean-Paul Duminy,Adam Milne
Jean-Paul Duminy,Suryakumar Yadav
Jean-Paul Duminy,Andre Russell
Jean-Paul Duminy,Jason Holder
Jean-Paul Duminy,Murali Vijay
Jean-Paul Duminy,Glenn Maxwell
Jean-Paul Duminy,Lendl Simmons
Jean-Paul Duminy,Shikhar Dhawan
Jean-Paul Duminy,Kane Williamson
Jean-Paul Duminy,Ashish Reddy
Jean-Paul Duminy,Trent Boult
Karun Nair,Ajinkya Rahane
Karun Nair,Kevin Pietersen
Karun Nair,Faf du Plessis
Karun Nair,Steven Smith
Karun Nair,Mitchell Marsh
Karun Nair,Murugan Ashwin
Karun Nair,Aaron Finch
Karun Nair,Suresh Raina
Karun Nair,Pravin Tambe
Karun Nair,Chris Gayle
Karun Nair,Stuart Binny
Karun Nair,Adam Milne
Karun Nair,Yusuf Pathan
Karun Nair,Suryakumar Yadav
Karun Nair,Murali Vijay
Karun Nair,Glenn Maxwell
Karun Nair,Rishi Dhawan
Karun Nair,Lendl Simmons
Karun Nair,Krunal Pandya
Karun Nair,Tim Southee
Karun Nair,Shikhar Dhawan
Karun Nair,Kane Williamson
Karun Nair,Ashish Reddy
Karun Nair,Trent Boult
Pawan Negi,Ajinkya Rahane
Pawan Negi,Kevin Pietersen
Pawan Negi,Faf du Plessis
Pawan Negi,Steven Smith
Pawan Negi,Mitchell Marsh
Pawan Negi,Irfan Pathan
Pawan Negi,Ishant Sharma
Pawan Negi,Murugan Ashwin
Pawan Negi,Ishwar Pandey
Pawan Negi,Aaron Finch
Pawan Negi,Suresh Raina
Pawan Negi,Dhawal Kulkarni
Pawan Negi,Pravin Tambe
Pawan Negi,Virat Kohli
Pawan Negi,Stuart Binny
Pawan Negi,Adam Milne
Pawan Negi,Yusuf Pathan
Pawan Negi,Suryakumar Yadav
Pawan Negi,Jason Holder
Pawan Negi,Piyush Chawla
Pawan Negi,Morne Morkel
Pawan Negi,Murali Vijay
Pawan Negi,Rishi Dhawan
Pawan Negi,Mitchell Johnson
Pawan Negi,Sandeep Sharma
Pawan Negi,Lendl Simmons
Pawan Negi,Rohit Sharma
Pawan Negi,Kieron Pollard
Pawan Negi,Hardik Pandya
Pawan Negi,Harbhajan Singh
Pawan Negi,Tim Southee
Pawan Negi,Shikhar Dhawan
Pawan Negi,Kane Williamson
Pawan Negi,Yuvraj Singh
Pawan Negi,Ashish Reddy
Pawan Negi,Trent Boult
Pawan Negi,Karn Sharma
Pawan Negi,Ashish Nehra
Chris Morris,Ajinkya Rahane
Chris Morris,Kevin Pietersen
Chris Morris,Faf du Plessis
Chris Morris,Steven Smith
Chris Morris,Mitchell Marsh
Chris Morris,Irfan Pathan
Chris Morris,Ishant Sharma
Chris Morris,Murugan Ashwin
Chris Morris,Ishwar Pandey
Chris Morris,Aaron Finch
Chris Morris,Suresh Raina
Chris Morris,Pravin Tambe
Chris Morris,Chris Gayle
Chris Morris,Virat Kohli
Chris Morris,Stuart Binny
Chris Morris,Adam Milne
Chris Morris,Shakib Al Hasan
Chris Morris,Yusuf Pathan
Chris Morris,Suryakumar Yadav
Chris Morris,Andre Russell
Chris Morris,Jason Holder
Chris Morris,Murali Vijay
Chris Morris,Rishi Dhawan
Chris Morris,Lendl Simmons
Chris Morris,Rohit Sharma
Chris Morris,Kieron Pollard
Chris Morris,Tim Southee
Chris Morris,Shikhar Dhawan
Chris Morris,Kane Williamson
Chris Morris,Yuvraj Singh
Chris Morris,Ashish Reddy
Chris Morris,Moises Henriques
Chris Morris,Trent Boult
Chris Morris,Karn Sharma
Chris Morris,Ashish Nehra
Zaheer Khan,Ajinkya Rahane
Zaheer Khan,Kevin Pietersen
Zaheer Khan,Faf du Plessis
Zaheer Khan,Steven Smith
Zaheer Khan,Mitchell Marsh
Zaheer Khan,Ishant Sharma
Zaheer Khan,Murugan Ashwin
Zaheer Khan,Ishwar Pandey
Zaheer Khan,Aaron Finch
Zaheer Khan,Suresh Raina
Zaheer Khan,James Faulkner
Zaheer Khan,Ravindra Jadeja
Zaheer Khan,Dhawal Kulkarni
Zaheer Khan,Pravin Tambe
Zaheer Khan,Chris Gayle
Zaheer Khan,Virat Kohli
Zaheer Khan,Stuart Binny
Zaheer Khan,Varun Aaron
Zaheer Khan,Yuzvendra Chahal
Zaheer Khan,Sreenath Aravind
Zaheer Khan,Adam Milne
Zaheer Khan,Suryakumar Yadav
Zaheer Khan,Andre Russell
Zaheer Khan,Jason Holder
Zaheer Khan,Umesh Yadav
Zaheer Khan,Morne Morkel
Zaheer Khan,Murali Vijay
Zaheer Khan,Glenn Maxwell
Zaheer Khan,Axar Patel
Zaheer Khan,Rishi Dhawan
Zaheer Khan,Mitchell Johnson
Zaheer Khan,Mohit Sharma
Zaheer Khan,Sandeep Sharma
Zaheer Khan,Lendl Simmons
Zaheer Khan,Rohit Sharma
Zaheer Khan,Kieron Pollard
Zaheer Khan,Tim Southee
Zaheer Khan,Shikhar Dhawan
Zaheer Khan,Kane Williamson
Zaheer Khan,Yuvraj Singh
Zaheer Khan,Ashish Reddy
Zaheer Khan,Moises Henriques
Zaheer Khan,Trent Boult
Zaheer Khan,Bhuvneshwar Kumar
Zaheer Khan,Ashish Nehra
Amit Mishra,Ajinkya Rahane
Amit Mishra,Kevin Pietersen
Amit Mishra,Faf du Plessis
Amit Mishra,Steven Smith
Amit Mishra,Murugan Ashwin
Amit Mishra,Ishwar Pandey
Amit Mishra,Aaron Finch
Amit Mishra,Suresh Raina
Amit Mishra,Praveen Kumar
Amit Mishra,Pravin Tambe
Amit Mishra,Chris Gayle
Amit Mishra,Virat Kohli
Amit Mishra,Yuzvendra Chahal
Amit Mishra,Sreenath Aravind
Amit Mishra,Adam Milne
Amit Mishra,Shakib Al Hasan
Amit Mishra,Yusuf Pathan
Amit Mishra,Suryakumar Yadav
Amit Mishra,Andre Russell
Amit Mishra,Murali Vijay
Amit Mishra,Glenn Maxwell
Amit Mishra,Axar Patel
Amit Mishra,Lendl Simmons
Amit Mishra,Krunal Pandya
Amit Mishra,Shikhar Dhawan
Amit Mishra,Kane Williamson
Amit Mishra,Yuvraj Singh
Amit Mishra,Ashish Reddy
Amit Mishra,Moises Henriques
Amit Mishra,Trent Boult
Amit Mishra,Bhuvneshwar Kumar
Nathan Coulter-Nile,Ajinkya Rahane
Nathan Coulter-Nile,Kevin Pietersen
Nathan Coulter-Nile,Faf du Plessis
Nathan Coulter-Nile,Steven Smith
Nathan Coulter-Nile,Mitchell Marsh
Nathan Coulter-Nile,Irfan Pathan
Nathan Coulter-Nile,Ishant Sharma
Nathan Coulter-Nile,Murugan Ashwin
Nathan Coulter-Nile,Aaron Finch
Nathan Coulter-Nile,Suresh Raina
Nathan Coulter-Nile,James Faulkner
Nathan Coulter-Nile,Ravindra Jadeja
Nathan Coulter-Nile,Praveen Kumar
Nathan Coulter-Nile,Pravin Tambe
Nathan Coulter-Nile,Chris Gayle
Nathan Coulter-Nile,Shane Watson
Nathan Coulter-Nile,Virat Kohli
Nathan Coulter-Nile,Stuart Binny
Nathan Coulter-Nile,Varun Aaron
Nathan Coulter-Nile,Yuzvendra Chahal
Nathan Coulter-Nile,Sreenath Aravind
Nathan Coulter-Nile,Adam Milne
Nathan Coulter-Nile,Shakib Al Hasan
Nathan Coulter-Nile,Yusuf Pathan
Nathan Coulter-Nile,Suryakumar Yadav
Nathan Coulter-Nile,Andre Russell
Nathan Coulter-Nile,Jason Holder
Nathan Coulter-Nile,Morne Morkel
Nathan Coulter-Nile,Murali Vijay
Nathan Coulter-Nile,Glenn Maxwell
Nathan Coulter-Nile,Axar Patel
Nathan Coulter-Nile,Rishi Dhawan
Nathan Coulter-Nile,Mohit Sharma
Nathan Coulter-Nile,Lendl Simmons
Nathan Coulter-Nile,Rohit Sharma
Nathan Coulter-Nile,Kieron Pollard
Nathan Coulter-Nile,Hardik Pandya
Nathan Coulter-Nile,Harbhajan Singh
Nathan Coulter-Nile,Krunal Pandya
Nathan Coulter-Nile,Tim Southee
Nathan Coulter-Nile,Jasprit Bumrah
Nathan Coulter-Nile,Lasith Malinga
Nathan Coulter-Nile,Shikhar Dhawan
Nathan Coulter-Nile,Kane Williamson
Nathan Coulter-Nile,Yuvraj Singh
Nathan Coulter-Nile,Ashish Reddy
Nathan Coulter-Nile,Moises Henriques
Nathan Coulter-Nile,Trent Boult
Nathan Coulter-Nile,Bhuvneshwar Kumar
Nathan Coulter-Nile,Karn Sharma
Nathan Coulter-Nile,Ashish Nehra
Imran Tahir,Ajinkya Rahane
Imran Tahir,Kevin Pietersen
Imran Tahir,Faf du Plessis
Imran Tahir,Steven Smith
Imran Tahir,Mitchell Marsh
Imran Tahir,Irfan Pathan
Imran Tahir,Ravichandran Ashwin
Imran Tahir,Ishant Sharma
Imran Tahir,Murugan Ashwin
Imran Tahir,Ishwar Pandey
Imran Tahir,Aaron Finch
Imran Tahir,Suresh Raina
Imran Tahir,James Faulkner
Imran Tahir,Ravindra Jadeja
Imran Tahir,Praveen Kumar
Imran Tahir,Dhawal Kulkarni
Imran Tahir,Pravin Tambe
Imran Tahir,Chris Gayle
Imran Tahir,Shane Watson
Imran Tahir,Virat Kohli
Imran Tahir,Varun Aaron
Imran Tahir,Yuzvendra Chahal
Imran Tahir,Sreenath Aravind
Imran Tahir,Adam Milne
Imran Tahir,Shakib Al Hasan
Imran Tahir,Yusuf Pathan
Imran Tahir,Suryakumar Yadav
Imran Tahir,Andre Russell
Imran Tahir,Jason Holder
Imran Tahir,Piyush Chawla
Imran Tahir,Umesh Yadav
Imran Tahir,Morne Morkel
Imran Tahir,Murali Vijay
Imran Tahir,Glenn Maxwell
Imran Tahir,Rishi Dhawan
Imran Tahir,Mitchell Johnson
Imran Tahir,Mohit Sharma
Imran Tahir,Sandeep Sharma
Imran Tahir,Lendl Simmons
Imran Tahir,Rohit Sharma
Imran Tahir,Kieron Pollard
Imran Tahir,Hardik Pandya
Imran Tahir,Harbhajan Singh
Imran Tahir,Krunal Pandya
Imran Tahir,Tim Southee
Imran Tahir,Jasprit Bumrah
Imran Tahir,Lasith Malinga
Imran Tahir,Shikhar Dhawan
Imran Tahir,Kane Williamson
Imran Tahir,Yuvraj Singh
Imran Tahir,Ashish Reddy
Imran Tahir,Moises Henriques
Imran Tahir,Trent Boult
Imran Tahir,Bhuvneshwar Kumar
Imran Tahir,Karn Sharma
Parthiv Patel,Ajinkya Rahane
Parthiv Patel,Faf du Plessis
Parthiv Patel,Steven Smith
Parthiv Patel,Mitchell Marsh
Parthiv Patel,Murugan Ashwin
Parthiv Patel,Ishwar Pandey
Parthiv Patel,Aaron Finch
Parthiv Patel,Pravin Tambe
Parthiv Patel,Virat Kohli
Parthiv Patel,Yuzvendra Chahal
Parthiv Patel,Adam Milne
Parthiv Patel,Suryakumar Yadav
Parthiv Patel,Rishi Dhawan
Parthiv Patel,Shikhar Dhawan
Parthiv Patel,Kane Williamson
Parthiv Patel,Ashish Reddy
Lendl Simmons,Ajinkya Rahane
Lendl Simmons,Kevin Pietersen
Lendl Simmons,Faf du Plessis
Lendl Simmons,Steven Smith
Lendl Simmons,Mitchell Marsh
Lendl Simmons,Murugan Ashwin
Lendl Simmons,Aaron Finch
Lendl Simmons,Pravin Tambe
Lendl Simmons,Chris Gayle
Lendl Simmons,Virat Kohli
Lendl Simmons,Adam Milne
Lendl Simmons,Yusuf Pathan
Lendl Simmons,Suryakumar Yadav
Lendl Simmons,Andre Russell
Lendl Simmons,Jason Holder
Lendl Simmons,Chris Morris
Lendl Simmons,Shikhar Dhawan
Lendl Simmons,Kane Williamson
Lendl Simmons,Yuvraj Singh
Lendl Simmons,Ashish Reddy
Rohit Sharma,Ajinkya Rahane
Rohit Sharma,Faf du Plessis
Rohit Sharma,Steven Smith
Rohit Sharma,Pravin Tambe
Rohit Sharma,Suryakumar Yadav
Rohit Sharma,Jason Holder
Rohit Sharma,Murali Vijay
Rohit Sharma,Shikhar Dhawan
Rohit Sharma,Kane Williamson
Rohit Sharma,Ashish Reddy
Ambati Rayudu,Ajinkya Rahane
Ambati Rayudu,Faf du Plessis
Ambati Rayudu,Steven Smith
Ambati Rayudu,Aaron Finch
Ambati Rayudu,Pravin Tambe
Ambati Rayudu,Adam Milne
Ambati Rayudu,Suryakumar Yadav
Ambati Rayudu,Andre Russell
Ambati Rayudu,Jason Holder
Ambati Rayudu,Murali Vijay
Ambati Rayudu,Shikhar Dhawan
Ambati Rayudu,Kane Williamson
Ambati Rayudu,Ashish Reddy
Kieron Pollard,Ajinkya Rahane
Kieron Pollard,Kevin Pietersen
Kieron Pollard,Faf du Plessis
Kieron Pollard,Steven Smith
Kieron Pollard,Murugan Ashwin
Kieron Pollard,Aaron Finch
Kieron Pollard,Suresh Raina
Kieron Pollard,Pravin Tambe
Kieron Pollard,Virat Kohli
Kieron Pollard,Yusuf Pathan
Kieron Pollard,Suryakumar Yadav
Kieron Pollard,Jason Holder
Kieron Pollard,Murali Vijay
Kieron Pollard,Glenn Maxwell
Kieron Pollard,Shikhar Dhawan
Kieron Pollard,Kane Williamson
Kieron Pollard,Ashish Reddy
Hardik Pandya,Ajinkya Rahane
Hardik Pandya,Kevin Pietersen
Hardik Pandya,Faf du Plessis
Hardik Pandya,Steven Smith
Hardik Pandya,Irfan Pathan
Hardik Pandya,Ravichandran Ashwin
Hardik Pandya,Murugan Ashwin
Hardik Pandya,Ishwar Pandey
Hardik Pandya,Aaron Finch
Hardik Pandya,Suresh Raina
Hardik Pandya,Ravindra Jadeja
Hardik Pandya,Pravin Tambe
Hardik Pandya,Chris Gayle
Hardik Pandya,Virat Kohli
Hardik Pandya,Stuart Binny
Hardik Pandya,Varun Aaron
Hardik Pandya,Adam Milne
Hardik Pandya,Yusuf Pathan
Hardik Pandya,Suryakumar Yadav
Hardik Pandya,Jason Holder
Hardik Pandya,Morne Morkel
Hardik Pandya,Murali Vijay
Hardik Pandya,Glenn Maxwell
Hardik Pandya,Rishi Dhawan
Hardik Pandya,Jean-Paul Duminy
Hardik Pandya,Shikhar Dhawan
Hardik Pandya,Kane Williamson
Hardik Pandya,Yuvraj Singh
Hardik Pandya,Ashish Reddy
Hardik Pandya,Karn Sharma
Harbhajan Singh,Ajinkya Rahane
Harbhajan Singh,Kevin Pietersen
Harbhajan Singh,Faf du Plessis
Harbhajan Singh,Steven Smith
Harbhajan Singh,Aaron Finch
Harbhajan Singh,Dhawal Kulkarni
Harbhajan Singh,Pravin Tambe
Harbhajan Singh,Chris Gayle
Harbhajan Singh,Virat Kohli
Harbhajan Singh,Yuzvendra Chahal
Harbhajan Singh,Adam Milne
Harbhajan Singh,Suryakumar Yadav
Harbhajan Singh,Andre Russell
Harbhajan Singh,Jason Holder
Harbhajan Singh,Murali Vijay
Harbhajan Singh,Glenn Maxwell
Harbhajan Singh,Jean-Paul Duminy
Harbhajan Singh,Pawan Negi
Harbhajan Singh,Shikhar Dhawan
Harbhajan Singh,Kane Williamson
Harbhajan Singh,Yuvraj Singh
Harbhajan Singh,Ashish Reddy
Harbhajan Singh,Trent Boult
Harbhajan Singh,Karn Sharma
Krunal Pandya,Ajinkya Rahane
Krunal Pandya,Kevin Pietersen
Krunal Pandya,Faf du Plessis
Krunal Pandya,Steven Smith
Krunal Pandya,Mitchell Marsh
Krunal Pandya,Ravichandran Ashwin
Krunal Pandya,Ishant Sharma
Krunal Pandya,Murugan Ashwin
Krunal Pandya,Ishwar Pandey
Krunal Pandya,Aaron Finch
Krunal Pandya,Suresh Raina
Krunal Pandya,Ravindra Jadeja
Krunal Pandya,Praveen Kumar
Krunal Pandya,Dhawal Kulkarni
Krunal Pandya,Pravin Tambe
Krunal Pandya,Chris Gayle
Krunal Pandya,Shane Watson
Krunal Pandya,Virat Kohli
Krunal Pandya,Varun Aaron
Krunal Pandya,Adam Milne
Krunal Pandya,Shakib Al Hasan
Krunal Pandya,Yusuf Pathan
Krunal Pandya,Suryakumar Yadav
Krunal Pandya,Andre Russell
Krunal Pandya,Jason Holder
Krunal Pandya,Morne Morkel
Krunal Pandya,Murali Vijay
Krunal Pandya,Glenn Maxwell
Krunal Pandya,Rishi Dhawan
Krunal Pandya,Mitchell Johnson
Krunal Pandya,Mohit Sharma
Krunal Pandya,Sandeep Sharma
Krunal Pandya,Jean-Paul Duminy
Krunal Pandya,Shikhar Dhawan
Krunal Pandya,Kane Williamson
Krunal Pandya,Yuvraj Singh
Krunal Pandya,Ashish Reddy
Krunal Pandya,Karn Sharma
Tim Southee,Ajinkya Rahane
Tim Southee,Kevin Pietersen
Tim Southee,Faf du Plessis
Tim Southee,Steven Smith
Tim Southee,Mitchell Marsh
Tim Southee,Irfan Pathan
Tim Southee,Ravichandran Ashwin
Tim Southee,Ishant Sharma
Tim Southee,Murugan Ashwin
Tim Southee,Aaron Finch
Tim Southee,Suresh Raina
Tim Southee,Praveen Kumar
Tim Southee,Dhawal Kulkarni
Tim Southee,Pravin Tambe
Tim Southee,Chris Gayle
Tim Southee,Shane Watson
Tim Southee,Virat Kohli
Tim Southee,Stuart Binny
Tim Southee,Varun Aaron
Tim Southee,Yuzvendra Chahal
Tim Southee,Sreenath Aravind
Tim Southee,Adam Milne
Tim Southee,Shakib Al Hasan
Tim Southee,Yusuf Pathan
Tim Southee,Suryakumar Yadav
Tim Southee,Andre Russell
Tim Southee,Jason Holder
Tim Southee,Piyush Chawla
Tim Southee,Umesh Yadav
Tim Southee,Morne Morkel
Tim Southee,Murali Vijay
Tim Southee,Glenn Maxwell
Tim Southee,Axar Patel
Tim Southee,Rishi Dhawan
Tim Southee,Mitchell Johnson
Tim Southee,Sandeep Sharma
Tim Southee,Jean-Paul Duminy
Tim Southee,Pawan Negi
Tim Southee,Zaheer Khan
Tim Southee,Amit Mishra
Tim Southee,Nathan Coulter-Nile
Tim Southee,Shikhar Dhawan
Tim Southee,Kane Williamson
Tim Southee,Yuvraj Singh
Tim Southee,Ashish Reddy
Tim Southee,Trent Boult
Tim Southee,Bhuvneshwar Kumar
Tim Southee,Karn Sharma
Tim Southee,Ashish Nehra
Jasprit Bumrah,Ajinkya Rahane
Jasprit Bumrah,Kevin Pietersen
Jasprit Bumrah,Faf du Plessis
Jasprit Bumrah,Steven Smith
Jasprit Bumrah,Mitchell Marsh
Jasprit Bumrah,Ravichandran Ashwin
Jasprit Bumrah,Ishant Sharma
Jasprit Bumrah,Murugan Ashwin
Jasprit Bumrah,Ishwar Pandey
Jasprit Bumrah,Aaron Finch
Jasprit Bumrah,Suresh Raina
Jasprit Bumrah,Dwayne Bravo
Jasprit Bumrah,James Faulkner
Jasprit Bumrah,Ravindra Jadeja
Jasprit Bumrah,Praveen Kumar
Jasprit Bumrah,Dhawal Kulkarni
Jasprit Bumrah,Pravin Tambe
Jasprit Bumrah,Chris Gayle
Jasprit Bumrah,Shane Watson
Jasprit Bumrah,Virat Kohli
Jasprit Bumrah,Stuart Binny
Jasprit Bumrah,Varun Aaron
Jasprit Bumrah,Yuzvendra Chahal
Jasprit Bumrah,Sreenath Aravind
Jasprit Bumrah,Adam Milne
Jasprit Bumrah,Shakib Al Hasan
Jasprit Bumrah,Yusuf Pathan
Jasprit Bumrah,Suryakumar Yadav
Jasprit Bumrah,Andre Russell
Jasprit Bumrah,Jason Holder
Jasprit Bumrah,Piyush Chawla
Jasprit Bumrah,Umesh Yadav
Jasprit Bumrah,Morne Morkel
Jasprit Bumrah,Murali Vijay
Jasprit Bumrah,Glenn Maxwell
Jasprit Bumrah,Axar Patel
Jasprit Bumrah,Rishi Dhawan
Jasprit Bumrah,Mitchell Johnson
Jasprit Bumrah,Jean-Paul Duminy
Jasprit Bumrah,Pawan Negi
Jasprit Bumrah,Chris Morris
Jasprit Bumrah,Zaheer Khan
Jasprit Bumrah,Amit Mishra
Jasprit Bumrah,Nathan Coulter-Nile
Jasprit Bumrah,Imran Tahir
Jasprit Bumrah,Shikhar Dhawan
Jasprit Bumrah,Kane Williamson
Jasprit Bumrah,Yuvraj Singh
Jasprit Bumrah,Ashish Reddy
Jasprit Bumrah,Moises Henriques
Jasprit Bumrah,Trent Boult
Jasprit Bumrah,Karn Sharma
Jasprit Bumrah,Ashish Nehra
Lasith Malinga,Ajinkya Rahane
Lasith Malinga,Kevin Pietersen
Lasith Malinga,Faf du Plessis
Lasith Malinga,Steven Smith
Lasith Malinga,Mitchell Marsh
Lasith Malinga,Ravichandran Ashwin
Lasith Malinga,Ishant Sharma
Lasith Malinga,Murugan Ashwin
Lasith Malinga,Ishwar Pandey
Lasith Malinga,Aaron Finch
Lasith Malinga,Suresh Raina
Lasith Malinga,Praveen Kumar
Lasith Malinga,Dhawal Kulkarni
Lasith Malinga,Pravin Tambe
Lasith Malinga,Chris Gayle
Lasith Malinga,Shane Watson
Lasith Malinga,Virat Kohli
Lasith Malinga,Stuart Binny
Lasith Malinga,Yuzvendra Chahal
Lasith Malinga,Sreenath Aravind
Lasith Malinga,Adam Milne
Lasith Malinga,Shakib Al Hasan
Lasith Malinga,Yusuf Pathan
Lasith Malinga,Suryakumar Yadav
Lasith Malinga,Andre Russell
Lasith Malinga,Jason Holder
Lasith Malinga,Piyush Chawla
Lasith Malinga,Murali Vijay
Lasith Malinga,Glenn Maxwell
Lasith Malinga,Axar Patel
Lasith Malinga,Rishi Dhawan
Lasith Malinga,Mitchell Johnson
Lasith Malinga,Mohit Sharma
Lasith Malinga,Sandeep Sharma
Lasith Malinga,Jean-Paul Duminy
Lasith Malinga,Pawan Negi
Lasith Malinga,Chris Morris
Lasith Malinga,Amit Mishra
Lasith Malinga,Shikhar Dhawan
Lasith Malinga,Kane Williamson
Lasith Malinga,Yuvraj Singh
Lasith Malinga,Ashish Reddy
Lasith Malinga,Moises Henriques
Lasith Malinga,Trent Boult
Lasith Malinga,Bhuvneshwar Kumar
Lasith Malinga,Karn Sharma
Lasith Malinga,Ashish Nehra
Shikhar Dhawan,Ajinkya Rahane
Shikhar Dhawan,Kevin Pietersen
Shikhar Dhawan,Faf du Plessis
Shikhar Dhawan,Steven Smith
Shikhar Dhawan,Mitchell Marsh
Shikhar Dhawan,Irfan Pathan
Shikhar Dhawan,Ravichandran Ashwin
Shikhar Dhawan,Ishant Sharma
Shikhar Dhawan,Murugan Ashwin
Shikhar Dhawan,Ishwar Pandey
Shikhar Dhawan,Aaron Finch
Shikhar Dhawan,Suresh Raina
Shikhar Dhawan,Dwayne Bravo
Shikhar Dhawan,James Faulkner
Shikhar Dhawan,Ravindra Jadeja
Shikhar Dhawan,Praveen Kumar
Shikhar Dhawan,Dhawal Kulkarni
Shikhar Dhawan,Pravin Tambe
Shikhar Dhawan,Chris Gayle
Shikhar Dhawan,Shane Watson
Shikhar Dhawan,Virat Kohli
Shikhar Dhawan,Stuart Binny
Shikhar Dhawan,Varun Aaron
Shikhar Dhawan,Yuzvendra Chahal
Shikhar Dhawan,Sreenath Aravind
Shikhar Dhawan,Adam Milne
Shikhar Dhawan,Shakib Al Hasan
Shikhar Dhawan,Yusuf Pathan
Shikhar Dhawan,Suryakumar Yadav
Shikhar Dhawan,Andre Russell
Shikhar Dhawan,Jason Holder
Shikhar Dhawan,Piyush Chawla
Shikhar Dhawan,Umesh Yadav
Shikhar Dhawan,Morne Morkel
Shikhar Dhawan,Murali Vijay
Shikhar Dhawan,Glenn Maxwell
Shikhar Dhawan,Axar Patel
Shikhar Dhawan,Rishi Dhawan
Shikhar Dhawan,Mitchell Johnson
Shikhar Dhawan,Mohit Sharma
Shikhar Dhawan,Sandeep Sharma
Shikhar Dhawan,Jean-Paul Duminy
Shikhar Dhawan,Pawan Negi
Shikhar Dhawan,Chris Morris
Shikhar Dhawan,Zaheer Khan
Shikhar Dhawan,Amit Mishra
Shikhar Dhawan,Nathan Coulter-Nile
Shikhar Dhawan,Imran Tahir
Shikhar Dhawan,Lendl Simmons
Shikhar Dhawan,Rohit Sharma
Shikhar Dhawan,Kieron Pollard
Shikhar Dhawan,Hardik Pandya
Shikhar Dhawan,Harbhajan Singh
Shikhar Dhawan,Krunal Pandya
Shikhar Dhawan,Tim Southee
Shikhar Dhawan,Jasprit Bumrah
Shikhar Dhawan,Lasith Malinga
David Warner,Ajinkya Rahane
David Warner,Faf du Plessis
David Warner,Steven Smith
David Warner,Irfan Pathan
David Warner,Murugan Ashwin
David Warner,Aaron Finch
David Warner,Pravin Tambe
David Warner,Virat Kohli
David Warner,Suryakumar Yadav
David Warner,Andre Russell
David Warner,Lendl Simmons
David Warner,Krunal Pandya
Kane Williamson,Ajinkya Rahane
Kane Williamson,Kevin Pietersen
Kane Williamson,Faf du Plessis
Kane Williamson,Steven Smith
Kane Williamson,Mitchell Marsh
Kane Williamson,Irfan Pathan
Kane Williamson,Murugan Ashwin
Kane Williamson,Aaron Finch
Kane Williamson,Suresh Raina
Kane Williamson,James Faulkner
Kane Williamson,Pravin Tambe
Kane Williamson,Chris Gayle
Kane Williamson,Virat Kohli
Kane Williamson,Stuart Binny
Kane Williamson,Sreenath Aravind
Kane Williamson,Adam Milne
Kane Williamson,Suryakumar Yadav
Kane Williamson,Andre Russell
Kane Williamson,Jason Holder
Kane Williamson,Morne Morkel
Kane Williamson,Murali Vijay
Kane Williamson,Rishi Dhawan
Kane Williamson,Mitchell Johnson
Kane Williamson,Sandeep Sharma
Kane Williamson,Pawan Negi
Kane Williamson,Lendl Simmons
Kane Williamson,Rohit Sharma
Kane Williamson,Kieron Pollard
Kane Williamson,Hardik Pandya
Kane Williamson,Tim Southee
Kane Williamson,Jasprit Bumrah
Kane Williamson,Lasith Malinga
Yuvraj Singh,Ajinkya Rahane
Yuvraj Singh,Kevin Pietersen
Yuvraj Singh,Faf du Plessis
Yuvraj Singh,Steven Smith
Yuvraj Singh,Murugan Ashwin
Yuvraj Singh,Aaron Finch
Yuvraj Singh,Pravin Tambe
Yuvraj Singh,Virat Kohli
Yuvraj Singh,Adam Milne
Yuvraj Singh,Suryakumar Yadav
Yuvraj Singh,Andre Russell
Yuvraj Singh,Murali Vijay
Yuvraj Singh,Lendl Simmons
Yuvraj Singh,Krunal Pandya
Ashish Reddy,Ajinkya Rahane
Ashish Reddy,Kevin Pietersen
Ashish Reddy,Faf du Plessis
Ashish Reddy,Steven Smith
Ashish Reddy,Mitchell Marsh
Ashish Reddy,Irfan Pathan
Ashish Reddy,Ravichandran Ashwin
Ashish Reddy,Ishant Sharma
Ashish Reddy,Murugan Ashwin
Ashish Reddy,Ishwar Pandey
Ashish Reddy,Aaron Finch
Ashish Reddy,Suresh Raina
Ashish Reddy,Dwayne Bravo
Ashish Reddy,James Faulkner
Ashish Reddy,Ravindra Jadeja
Ashish Reddy,Praveen Kumar
Ashish Reddy,Dhawal Kulkarni
Ashish Reddy,Pravin Tambe
Ashish Reddy,Chris Gayle
Ashish Reddy,Shane Watson
Ashish Reddy,Virat Kohli
Ashish Reddy,Stuart Binny
Ashish Reddy,Varun Aaron
Ashish Reddy,Yuzvendra Chahal
Ashish Reddy,Sreenath Aravind
Ashish Reddy,Adam Milne
Ashish Reddy,Shakib Al Hasan
Ashish Reddy,Yusuf Pathan
Ashish Reddy,Suryakumar Yadav
Ashish Reddy,Andre Russell
Ashish Reddy,Jason Holder
Ashish Reddy,Piyush Chawla
Ashish Reddy,Umesh Yadav
Ashish Reddy,Morne Morkel
Ashish Reddy,Murali Vijay
Ashish Reddy,Glenn Maxwell
Ashish Reddy,Axar Patel
Ashish Reddy,Rishi Dhawan
Ashish Reddy,Mitchell Johnson
Ashish Reddy,Mohit Sharma
Ashish Reddy,Sandeep Sharma
Ashish Reddy,Jean-Paul Duminy
Ashish Reddy,Pawan Negi
Ashish Reddy,Chris Morris
Ashish Reddy,Zaheer Khan
Ashish Reddy,Amit Mishra
Ashish Reddy,Nathan Coulter-Nile
Ashish Reddy,Imran Tahir
Ashish Reddy,Lendl Simmons
Ashish Reddy,Rohit Sharma
Ashish Reddy,Kieron Pollard
Ashish Reddy,Hardik Pandya
Ashish Reddy,Harbhajan Singh
Ashish Reddy,Krunal Pandya
Ashish Reddy,Tim Southee
Ashish Reddy,Jasprit Bumrah
Ashish Reddy,Lasith Malinga
Naman Ojha,Ajinkya Rahane
Naman Ojha,Kevin Pietersen
Naman Ojha,Faf du Plessis
Naman Ojha,Steven Smith
Naman Ojha,Aaron Finch
Naman Ojha,Pravin Tambe
Naman Ojha,Virat Kohli
Naman Ojha,Adam Milne
Naman Ojha,Yusuf Pathan
Naman Ojha,Suryakumar Yadav
Naman Ojha,Glenn Maxwell
Naman Ojha,Jean-Paul Duminy
Naman Ojha,Lendl Simmons
Naman Ojha,Krunal Pandya
Moises Henriques,Ajinkya Rahane
Moises Henriques,Kevin Pietersen
Moises Henriques,Faf du Plessis
Moises Henriques,Steven Smith
Moises Henriques,Murugan Ashwin
Moises Henriques,Ishwar Pandey
Moises Henriques,Aaron Finch
Moises Henriques,Pravin Tambe
Moises Henriques,Chris Gayle
Moises Henriques,Virat Kohli
Moises Henriques,Varun Aaron
Moises Henriques,Suryakumar Yadav
Moises Henriques,Lendl Simmons
Moises Henriques,Kieron Pollard
Moises Henriques,Krunal Pandya
Trent Boult,Ajinkya Rahane
Trent Boult,Kevin Pietersen
Trent Boult,Faf du Plessis
Trent Boult,Steven Smith
Trent Boult,Mitchell Marsh
Trent Boult,Irfan Pathan
Trent Boult,Ravichandran Ashwin
Trent Boult,Ishant Sharma
Trent Boult,Murugan Ashwin
Trent Boult,Ishwar Pandey
Trent Boult,Aaron Finch
Trent Boult,Suresh Raina
Trent Boult,Dwayne Bravo
Trent Boult,James Faulkner
Trent Boult,Ravindra Jadeja
Trent Boult,Praveen Kumar
Trent Boult,Dhawal Kulkarni
Trent Boult,Pravin Tambe
Trent Boult,Chris Gayle
Trent Boult,Shane Watson
Trent Boult,Virat Kohli
Trent Boult,Stuart Binny
Trent Boult,Varun Aaron
Trent Boult,Yuzvendra Chahal
Trent Boult,Sreenath Aravind
Trent Boult,Adam Milne
Trent Boult,Shakib Al Hasan
Trent Boult,Yusuf Pathan
Trent Boult,Suryakumar Yadav
Trent Boult,Andre Russell
Trent Boult,Jason Holder
Trent Boult,Piyush Chawla
Trent Boult,Umesh Yadav
Trent Boult,Morne Morkel
Trent Boult,Murali Vijay
Trent Boult,Glenn Maxwell
Trent Boult,Axar Patel
Trent Boult,Rishi Dhawan
Trent Boult,Mitchell Johnson
Trent Boult,Mohit Sharma
Trent Boult,Sandeep Sharma
Trent Boult,Jean-Paul Duminy
Trent Boult,Pawan Negi
Trent Boult,Chris Morris
Trent Boult,Zaheer Khan
Trent Boult,Amit Mishra
Trent Boult,Nathan Coulter-Nile
Trent Boult,Imran Tahir
Trent Boult,Lendl Simmons
Trent Boult,Rohit Sharma
Trent Boult,Kieron Pollard
Trent Boult,Harbhajan Singh
Trent Boult,Krunal Pandya
Trent Boult,Jasprit Bumrah
Trent Boult,Lasith Malinga
Bhuvneshwar Kumar,Ajinkya Rahane
Bhuvneshwar Kumar,Kevin Pietersen
Bhuvneshwar Kumar,Faf du Plessis
Bhuvneshwar Kumar,Steven Smith
Bhuvneshwar Kumar,Mitchell Marsh
Bhuvneshwar Kumar,Irfan Pathan
Bhuvneshwar Kumar,Ravichandran Ashwin
Bhuvneshwar Kumar,Ishant Sharma
Bhuvneshwar Kumar,Murugan Ashwin
Bhuvneshwar Kumar,Ishwar Pandey
Bhuvneshwar Kumar,Aaron Finch
Bhuvneshwar Kumar,Suresh Raina
Bhuvneshwar Kumar,Praveen Kumar
Bhuvneshwar Kumar,Dhawal Kulkarni
Bhuvneshwar Kumar,Pravin Tambe
Bhuvneshwar Kumar,Chris Gayle
Bhuvneshwar Kumar,Virat Kohli
Bhuvneshwar Kumar,Varun Aaron
Bhuvneshwar Kumar,Yuzvendra Chahal
Bhuvneshwar Kumar,Sreenath Aravind
Bhuvneshwar Kumar,Adam Milne
Bhuvneshwar Kumar,Shakib Al Hasan
Bhuvneshwar Kumar,Yusuf Pathan
Bhuvneshwar Kumar,Suryakumar Yadav
Bhuvneshwar Kumar,Piyush Chawla
Bhuvneshwar Kumar,Murali Vijay
Bhuvneshwar Kumar,Glenn Maxwell
Bhuvneshwar Kumar,Axar Patel
Bhuvneshwar Kumar,Mohit Sharma
Bhuvneshwar Kumar,Sandeep Sharma
Bhuvneshwar Kumar,Jean-Paul Duminy
Bhuvneshwar Kumar,Pawan Negi
Bhuvneshwar Kumar,Imran Tahir
Bhuvneshwar Kumar,Lendl Simmons
Bhuvneshwar Kumar,Rohit Sharma
Bhuvneshwar Kumar,Hardik Pandya
Bhuvneshwar Kumar,Harbhajan Singh
Bhuvneshwar Kumar,Krunal Pandya
Bhuvneshwar Kumar,Tim Southee
Karn Sharma,Ajinkya Rahane
Karn Sharma,Kevin Pietersen
Karn Sharma,Faf du Plessis
Karn Sharma,Steven Smith
Karn Sharma,Irfan Pathan
Karn Sharma,Ishant Sharma
Karn Sharma,Murugan Ashwin
Karn Sharma,Ishwar Pandey
Karn Sharma,Aaron Finch
Karn Sharma,Suresh Raina
Karn Sharma,Praveen Kumar
Karn Sharma,Dhawal Kulkarni
Karn Sharma,Pravin Tambe
Karn Sharma,Chris Gayle
Karn Sharma,Virat Kohli
Karn Sharma,Stuart Binny
Karn Sharma,Varun Aaron
Karn Sharma,Sreenath Aravind
Karn Sharma,Yusuf Pathan
Karn Sharma,Suryakumar Yadav
Karn Sharma,Morne Morkel
Karn Sharma,Murali Vijay
Karn Sharma,Glenn Maxwell
Karn Sharma,Jean-Paul Duminy
Karn Sharma,Zaheer Khan
Karn Sharma,Lendl Simmons
Karn Sharma,Hardik Pandya
Karn Sharma,Krunal Pandya
Karn Sharma,Tim Southee
Karn Sharma,Jasprit Bumrah
Ashish Nehra,Ajinkya Rahane
Ashish Nehra,Kevin Pietersen
Ashish Nehra,Faf du Plessis
Ashish Nehra,Steven Smith
Ashish Nehra,Ravichandran Ashwin
Ashish Nehra,Ishant Sharma
Ashish Nehra,Murugan Ashwin
Ashish Nehra,Ishwar Pandey
Ashish Nehra,Aaron Finch
Ashish Nehra,Suresh Raina
Ashish Nehra,James Faulkner
Ashish Nehra,Ravindra Jadeja
Ashish Nehra,Praveen Kumar
Ashish Nehra,Dhawal Kulkarni
Ashish Nehra,Pravin Tambe
Ashish Nehra,Chris Gayle
Ashish Nehra,Shane Watson
Ashish Nehra,Virat Kohli
Ashish Nehra,Varun Aaron
Ashish Nehra,Yuzvendra Chahal
Ashish Nehra,Sreenath Aravind
Ashish Nehra,Adam Milne
Ashish Nehra,Shakib Al Hasan
Ashish Nehra,Yusuf Pathan
Ashish Nehra,Suryakumar Yadav
Ashish Nehra,Jason Holder
Ashish Nehra,Piyush Chawla
Ashish Nehra,Umesh Yadav
Ashish Nehra,Morne Morkel
Ashish Nehra,Murali Vijay
Ashish Nehra,Glenn Maxwell
Ashish Nehra,Axar Patel
Ashish Nehra,Rishi Dhawan
Ashish Nehra,Mohit Sharma
Ashish Nehra,Sandeep Sharma
Ashish Nehra,Jean-Paul Duminy
Ashish Nehra,Pawan Negi
Ashish Nehra,Chris Morris
Ashish Nehra,Zaheer Khan
Ashish Nehra,Amit Mishra
Ashish Nehra,Imran Tahir
Ashish Nehra,Lendl Simmons
Ashish Nehra,Hardik Pandya
Ashish Nehra,Harbhajan Singh
Ashish Nehra,Krunal Pandya
Ashish Nehra,Tim Southee
Ashish Nehra,Jasprit Bumrah
